qid,property_count,properties,restored_from_xml,entity_type
Q1942,1,P39,False,unlabeled
Q1962,1,P39,False,unlabeled
Q1970,1,P39,False,unlabeled
Q1982,1,P39,False,unlabeled
Q1516,1,P39,False,unlabeled
Q1518,1,P39,False,unlabeled
Q152019,1,P39,False,unlabeled
Q152272,1,P39,False,unlabeled
Q152273,1,P39,False,unlabeled
Q1547,1,P39,False,unlabeled
Q1548,1,P39,False,unlabeled
Q1550,1,P39,False,unlabeled
Q1555,1,P39,False,unlabeled
Q1557,1,P39,False,unlabeled
Q1560,1,P39,False,unlabeled
Q1562,1,P39,False,unlabeled
Q1563,1,P39,False,unlabeled
Q1564,1,P39,False,unlabeled
Q1569,1,P39,False,unlabeled
Q1571,1,P39,False,unlabeled
Q1580,1,P39,False,unlabeled
Q100189,7,"P39,P5,P11,P7,P8,P60,P46",True,restored
Q100349,7,"P39,P5,P11,P7,P8,P60,P46",True,restored
Q100723,5,"P39,P5,P11,P60,P46",True,restored
Q101151,11,"P39,P42,P20,P47,P48,P5,P11,P7,P8,P15",True,restored
Q1016,1,P39,False,unlabeled
Q101676,5,"P39,P5,P11,P60,P46",True,restored
Q101772,6,"P5,P15,P55,P39,P42,P11",True,restored
Q101874,7,"P5,P15,P55,P39,P42,P20,P11",True,restored
Q101931,5,"P39,P5,P11,P60,P46",True,restored
Q102236,5,"P39,P5,P11,P60,P46",True,restored
Q102258,5,"P39,P5,P11,P60,P46",True,restored
Q102272,1,P39,False,unlabeled
Q102294,5,"P39,P5,P11,P60,P46",True,restored
Q102298,5,"P39,P5,P11,P60,P46",True,restored
Q102302,5,"P39,P5,P11,P60,P46",True,restored
Q102306,5,"P39,P5,P11,P60,P46",True,restored
Q102310,5,"P39,P5,P11,P60,P46",True,restored
Q102314,5,"P39,P5,P11,P60,P46",True,restored
Q102318,5,"P39,P5,P11,P60,P46",True,restored
Q102322,5,"P39,P5,P11,P60,P46",True,restored
Q102326,5,"P39,P5,P11,P60,P46",True,restored
Q102330,5,"P39,P5,P11,P60,P46",True,restored
Q102334,5,"P39,P5,P11,P60,P46",True,restored
Q102338,5,"P39,P5,P11,P60,P46",True,restored
Q102342,5,"P39,P5,P11,P60,P46",True,restored
Q102345,13,"P5,P15,P55,P56,P57,P39,P42,P20,P47,P48",True,restored
Q102346,5,"P39,P5,P11,P60,P46",True,restored
Q102350,5,"P39,P5,P11,P60,P46",True,restored
Q102390,5,"P39,P5,P11,P60,P46",True,restored
Q102406,5,"P39,P5,P11,P60,P46",True,restored
Q102430,5,"P39,P5,P11,P60,P46",True,restored
Q102482,5,"P39,P5,P11,P60,P46",True,restored
Q102966,5,"P39,P5,P11,P60,P46",True,restored
Q103030,5,"P39,P5,P11,P60,P46",True,restored
Q103122,5,"P39,P5,P11,P60,P46",True,restored
Q103398,5,"P39,P5,P11,P60,P46",True,restored
Q103446,5,"P39,P5,P11,P60,P46",True,restored
Q103950,6,"P39,P5,P11,P8,P60,P46",True,restored
Q104396,5,"P39,P5,P11,P60,P46",True,restored
Q104418,5,"P39,P5,P11,P60,P46",True,restored
Q104420,5,"P39,P5,P11,P60,P46",True,restored
Q1425,1,P39,False,unlabeled
Q2436,1,P39,False,unlabeled
Q2464,1,P39,False,unlabeled
Q2632,1,P39,False,unlabeled
Q2633,1,P39,False,unlabeled
Q26428,1,P39,False,unlabeled
Q26437,1,P39,False,unlabeled
Q26449,1,P39,False,unlabeled
Q26458,1,P39,False,unlabeled
Q26540,1,P39,False,unlabeled
Q26588,1,P39,False,unlabeled
Q26600,1,P39,False,unlabeled
Q26621,1,P39,False,unlabeled
Q27472,1,P39,False,unlabeled
Q27484,1,P39,False,unlabeled
Q27500,1,P39,False,unlabeled
Q28069,1,P39,False,unlabeled
Q28133,1,P39,False,unlabeled
Q28145,1,P39,False,unlabeled
Q2820,1,P39,False,unlabeled
Q28211,1,P39,False,unlabeled
Q28215,1,P39,False,unlabeled
Q28219,1,P39,False,unlabeled
Q28231,1,P39,False,unlabeled
Q28247,1,P39,False,unlabeled
Q28260,1,P39,False,unlabeled
Q28272,1,P39,False,unlabeled
Q28312,1,P39,False,unlabeled
Q28336,1,P39,False,unlabeled
Q28340,1,P39,False,unlabeled
Q28348,1,P39,False,unlabeled
Q28352,1,P39,False,unlabeled
Q28360,1,P39,False,unlabeled
Q28372,1,P39,False,unlabeled
Q28384,1,P39,False,unlabeled
Q28396,1,P39,False,unlabeled
Q28400,1,P39,False,unlabeled
Q28404,1,P39,False,unlabeled
Q28437,1,P39,False,unlabeled
Q28441,1,P39,False,unlabeled
Q28449,1,P39,False,unlabeled
Q28453,1,P39,False,unlabeled
Q2846,1,P39,False,unlabeled
Q28461,1,P39,False,unlabeled
Q28465,1,P39,False,unlabeled
Q28481,1,P39,False,unlabeled
Q28489,1,P39,False,unlabeled
Q28493,1,P39,False,unlabeled
Q28501,1,P39,False,unlabeled
Q28505,1,P39,False,unlabeled
Q28600,1,P39,False,unlabeled
Q28604,1,P39,False,unlabeled
Q28608,1,P39,False,unlabeled
Q28612,1,P39,False,unlabeled
Q28616,1,P39,False,unlabeled
Q28620,1,P39,False,unlabeled
Q28624,1,P39,False,unlabeled
Q28628,1,P39,False,unlabeled
Q28632,1,P39,False,unlabeled
Q28636,1,P39,False,unlabeled
Q28640,1,P39,False,unlabeled
Q28644,1,P39,False,unlabeled
Q28648,1,P39,False,unlabeled
Q28652,1,P39,False,unlabeled
Q28656,1,P39,False,unlabeled
Q28660,1,P39,False,unlabeled
Q28664,1,P39,False,unlabeled
Q28668,1,P39,False,unlabeled
Q28672,1,P39,False,unlabeled
Q28676,1,P39,False,unlabeled
Q28680,1,P39,False,unlabeled
Q28684,1,P39,False,unlabeled
Q28688,1,P39,False,unlabeled
Q28692,1,P39,False,unlabeled
Q28696,1,P39,False,unlabeled
Q28700,1,P39,False,unlabeled
Q28704,1,P39,False,unlabeled
Q28708,1,P39,False,unlabeled
Q28712,1,P39,False,unlabeled
Q28716,1,P39,False,unlabeled
Q28720,1,P39,False,unlabeled
Q28724,1,P39,False,unlabeled
Q28728,1,P39,False,unlabeled
Q28733,1,P39,False,unlabeled
Q28737,1,P39,False,unlabeled
Q28741,1,P39,False,unlabeled
Q28745,1,P39,False,unlabeled
Q28749,1,P39,False,unlabeled
Q28753,1,P39,False,unlabeled
Q28757,1,P39,False,unlabeled
Q28761,1,P39,False,unlabeled
Q28765,1,P39,False,unlabeled
Q28769,1,P39,False,unlabeled
Q28773,1,P39,False,unlabeled
Q28777,1,P39,False,unlabeled
Q28781,1,P39,False,unlabeled
Q28785,1,P39,False,unlabeled
Q28789,1,P39,False,unlabeled
Q28793,1,P39,False,unlabeled
Q28797,1,P39,False,unlabeled
Q28801,1,P39,False,unlabeled
Q28805,1,P39,False,unlabeled
Q28809,1,P39,False,unlabeled
Q28813,1,P39,False,unlabeled
Q28817,1,P39,False,unlabeled
Q28821,1,P39,False,unlabeled
Q28825,1,P39,False,unlabeled
Q28829,1,P39,False,unlabeled
Q28833,1,P39,False,unlabeled
Q28837,1,P39,False,unlabeled
Q28841,1,P39,False,unlabeled
Q28845,1,P39,False,unlabeled
Q28849,1,P39,False,unlabeled
Q28853,1,P39,False,unlabeled
Q28857,1,P39,False,unlabeled
Q28861,1,P39,False,unlabeled
Q28865,1,P39,False,unlabeled
Q28869,1,P39,False,unlabeled
Q28873,1,P39,False,unlabeled
Q28877,1,P39,False,unlabeled
Q28881,1,P39,False,unlabeled
Q28885,1,P39,False,unlabeled
Q28889,1,P39,False,unlabeled
Q28893,1,P39,False,unlabeled
Q28897,1,P39,False,unlabeled
Q28929,1,P39,False,unlabeled
Q28933,1,P39,False,unlabeled
Q28942,1,P39,False,unlabeled
Q28950,1,P39,False,unlabeled
Q28958,1,P39,False,unlabeled
Q28966,1,P39,False,unlabeled
Q28974,1,P39,False,unlabeled
Q28978,1,P39,False,unlabeled
Q28990,1,P39,False,unlabeled
Q29010,1,P39,False,unlabeled
Q29018,1,P39,False,unlabeled
Q29022,1,P39,False,unlabeled
Q29026,1,P39,False,unlabeled
Q29030,1,P39,False,unlabeled
Q29035,1,P39,False,unlabeled
Q29039,1,P39,False,unlabeled
Q29043,1,P39,False,unlabeled
Q29047,1,P39,False,unlabeled
Q29051,1,P39,False,unlabeled
Q29055,1,P39,False,unlabeled
Q29059,1,P39,False,unlabeled
Q29063,1,P39,False,unlabeled
Q29067,1,P39,False,unlabeled
Q29088,1,P39,False,unlabeled
Q29104,1,P39,False,unlabeled
Q29132,1,P39,False,unlabeled
Q29164,1,P39,False,unlabeled
Q29216,1,P39,False,unlabeled
Q29220,1,P39,False,unlabeled
Q29224,1,P39,False,unlabeled
Q29228,1,P39,False,unlabeled
Q29236,1,P39,False,unlabeled
Q29240,1,P39,False,unlabeled
Q29244,1,P39,False,unlabeled
Q29248,1,P39,False,unlabeled
Q29252,1,P39,False,unlabeled
Q29256,1,P39,False,unlabeled
Q29260,1,P39,False,unlabeled
Q29264,1,P39,False,unlabeled
Q29268,1,P39,False,unlabeled
Q29272,1,P39,False,unlabeled
Q29276,1,P39,False,unlabeled
Q29280,1,P39,False,unlabeled
Q29284,1,P39,False,unlabeled
Q29300,1,P39,False,unlabeled
Q29308,1,P39,False,unlabeled
Q29316,1,P39,False,unlabeled
Q29320,1,P39,False,unlabeled
Q29324,1,P39,False,unlabeled
Q29328,1,P39,False,unlabeled
Q29332,1,P39,False,unlabeled
Q29336,1,P39,False,unlabeled
Q29340,1,P39,False,unlabeled
Q29344,1,P39,False,unlabeled
Q29348,1,P39,False,unlabeled
Q29352,1,P39,False,unlabeled
Q29356,1,P39,False,unlabeled
Q29364,1,P39,False,unlabeled
Q29369,1,P39,False,unlabeled
Q29373,1,P39,False,unlabeled
Q29377,1,P39,False,unlabeled
Q29381,1,P39,False,unlabeled
Q29385,1,P39,False,unlabeled
Q29389,1,P39,False,unlabeled
Q29393,1,P39,False,unlabeled
Q29397,1,P39,False,unlabeled
Q29401,1,P39,False,unlabeled
Q29405,1,P39,False,unlabeled
Q29409,1,P39,False,unlabeled
Q29413,1,P39,False,unlabeled
Q29417,1,P39,False,unlabeled
Q29421,1,P39,False,unlabeled
Q29429,1,P39,False,unlabeled
Q29433,1,P39,False,unlabeled
Q29437,1,P39,False,unlabeled
Q29441,1,P39,False,unlabeled
Q29445,1,P39,False,unlabeled
Q29449,1,P39,False,unlabeled
Q29465,1,P39,False,unlabeled
Q29469,1,P39,False,unlabeled
Q29477,1,P39,False,unlabeled
Q29481,1,P39,False,unlabeled
Q29485,1,P39,False,unlabeled
Q29489,1,P39,False,unlabeled
Q29497,1,P39,False,unlabeled
Q29509,1,P39,False,unlabeled
Q29513,1,P39,False,unlabeled
Q29521,1,P39,False,unlabeled
Q29538,1,P39,False,unlabeled
Q29542,1,P39,False,unlabeled
Q29546,1,P39,False,unlabeled
Q29578,1,P39,False,unlabeled
Q29622,1,P39,False,unlabeled
Q29662,1,P39,False,unlabeled
Q29666,1,P39,False,unlabeled
Q29670,1,P39,False,unlabeled
Q29674,1,P39,False,unlabeled
Q29678,1,P39,False,unlabeled
Q29682,1,P39,False,unlabeled
Q29686,1,P39,False,unlabeled
Q29690,1,P39,False,unlabeled
Q29694,1,P39,False,unlabeled
Q29698,1,P39,False,unlabeled
Q29706,1,P39,False,unlabeled
Q29714,1,P39,False,unlabeled
Q29722,1,P39,False,unlabeled
Q29730,1,P39,False,unlabeled
Q29734,1,P39,False,unlabeled
Q29738,1,P39,False,unlabeled
Q29742,1,P39,False,unlabeled
Q29746,1,P39,False,unlabeled
Q29750,1,P39,False,unlabeled
Q29754,1,P39,False,unlabeled
Q29906,1,P39,False,unlabeled
Q29910,1,P39,False,unlabeled
Q29914,1,P39,False,unlabeled
Q29918,1,P39,False,unlabeled
Q29922,1,P39,False,unlabeled
Q29931,1,P39,False,unlabeled
Q29935,1,P39,False,unlabeled
Q30036,1,P39,False,unlabeled
Q30040,1,P39,False,unlabeled
Q30072,1,P39,False,unlabeled
Q30076,1,P39,False,unlabeled
Q30128,1,P39,False,unlabeled
Q30132,1,P39,False,unlabeled
Q30136,1,P39,False,unlabeled
Q30140,1,P39,False,unlabeled
Q30144,1,P39,False,unlabeled
Q30148,1,P39,False,unlabeled
Q30212,1,P39,False,unlabeled
Q30229,1,P39,False,unlabeled
Q30237,1,P39,False,unlabeled
Q30241,1,P39,False,unlabeled
Q30281,10,"P5,P15,P46,P55,P63,P39,P42,P20,P11,P60",True,restored
Q30285,10,"P5,P15,P46,P55,P63,P39,P42,P20,P11,P60",True,restored
Q30289,10,"P5,P15,P46,P55,P63,P39,P42,P20,P11,P60",True,restored
Q30293,1,P39,False,unlabeled
Q30301,1,P39,False,unlabeled
Q30305,10,"P5,P15,P46,P55,P63,P39,P42,P20,P11,P60",True,restored
Q30309,10,"P5,P15,P46,P55,P63,P39,P42,P20,P11,P60",True,restored
Q30313,10,"P5,P15,P46,P55,P63,P39,P42,P20,P11,P60",True,restored
Q30317,10,"P5,P15,P46,P55,P63,P39,P42,P20,P11,P60",True,restored
Q30321,10,"P5,P15,P46,P55,P63,P39,P42,P20,P11,P60",True,restored
Q30325,10,"P5,P15,P46,P55,P63,P39,P42,P20,P11,P60",True,restored
Q30329,10,"P5,P15,P46,P55,P63,P39,P42,P20,P11,P60",True,restored
Q30333,10,"P5,P15,P46,P55,P63,P39,P42,P20,P11,P60",True,restored
Q30337,10,"P5,P15,P46,P55,P63,P39,P42,P20,P11,P60",True,restored
Q30341,10,"P5,P15,P46,P55,P63,P39,P42,P20,P11,P60",True,restored
Q30345,10,"P5,P15,P46,P55,P63,P39,P42,P20,P11,P60",True,restored
Q30349,1,P39,False,unlabeled
Q30353,10,"P5,P15,P46,P55,P63,P39,P42,P20,P11,P60",True,restored
Q30361,10,"P5,P15,P46,P55,P63,P39,P42,P20,P11,P60",True,restored
Q30365,1,P39,False,unlabeled
Q30558,1,P39,False,unlabeled
Q30763,10,"P5,P15,P46,P55,P63,P39,P42,P20,P11,P60",True,restored
Q30783,10,"P5,P15,P46,P55,P63,P39,P42,P20,P11,P60",True,restored
Q30787,10,"P5,P15,P46,P55,P63,P39,P42,P20,P11,P60",True,restored
Q30796,10,"P5,P15,P46,P55,P63,P39,P42,P20,P11,P60",True,restored
Q30800,1,P39,False,unlabeled
Q30808,10,"P5,P15,P46,P55,P63,P39,P42,P20,P11,P60",True,restored
Q30816,10,"P5,P15,P46,P55,P63,P39,P42,P20,P11,P60",True,restored
Q30820,10,"P5,P15,P46,P55,P63,P39,P42,P20,P11,P60",True,restored
Q30824,10,"P5,P15,P46,P55,P63,P39,P42,P20,P11,P60",True,restored
Q30828,10,"P5,P15,P46,P55,P63,P39,P42,P20,P11,P60",True,restored
Q30832,10,"P5,P15,P46,P55,P63,P39,P42,P20,P11,P60",True,restored
Q30836,10,"P5,P15,P46,P55,P63,P39,P42,P20,P11,P60",True,restored
Q30840,10,"P5,P15,P46,P55,P63,P39,P42,P20,P11,P60",True,restored
Q30844,10,"P5,P15,P46,P55,P63,P39,P42,P20,P11,P60",True,restored
Q30848,10,"P5,P15,P46,P55,P63,P39,P42,P20,P11,P60",True,restored
Q30852,10,"P5,P15,P46,P55,P63,P39,P42,P20,P11,P60",True,restored
Q30856,10,"P5,P15,P46,P55,P63,P39,P42,P20,P11,P60",True,restored
Q30864,10,"P5,P15,P46,P55,P63,P39,P42,P20,P11,P60",True,restored
Q30868,10,"P5,P15,P46,P55,P63,P39,P42,P20,P11,P60",True,restored
Q30876,10,"P5,P15,P46,P55,P63,P39,P42,P20,P11,P60",True,restored
Q30880,10,"P5,P15,P46,P55,P63,P39,P42,P20,P11,P60",True,restored
Q30884,10,"P5,P15,P46,P55,P63,P39,P42,P20,P11,P60",True,restored
Q30888,10,"P5,P15,P46,P55,P63,P39,P42,P20,P11,P60",True,restored
Q30892,10,"P5,P15,P46,P55,P63,P39,P42,P20,P11,P60",True,restored
Q30896,10,"P5,P15,P46,P55,P63,P39,P42,P20,P11,P60",True,restored
Q30900,10,"P5,P15,P46,P55,P63,P39,P42,P20,P11,P60",True,restored
Q30904,10,"P5,P15,P46,P55,P63,P39,P42,P20,P11,P60",True,restored
Q30917,10,"P5,P15,P46,P55,P63,P39,P42,P20,P11,P60",True,restored
Q30921,10,"P5,P15,P46,P55,P63,P39,P42,P20,P11,P60",True,restored
Q30925,10,"P5,P15,P46,P55,P63,P39,P42,P20,P11,P60",True,restored
Q30929,10,"P5,P15,P46,P55,P63,P39,P42,P20,P11,P60",True,restored
Q30933,10,"P5,P15,P46,P55,P63,P39,P42,P20,P11,P60",True,restored
Q3098,1,P39,False,unlabeled
Q31022,1,P39,False,unlabeled
Q31130,1,P39,False,unlabeled
Q31331,1,P39,False,unlabeled
Q31372,1,P39,False,unlabeled
Q31416,1,P39,False,unlabeled
Q31456,1,P39,False,unlabeled
Q31484,1,P39,False,unlabeled
Q31488,1,P39,False,unlabeled
Q31500,1,P39,False,unlabeled
Q31520,1,P39,False,unlabeled
Q31528,1,P39,False,unlabeled
Q31545,1,P39,False,unlabeled
Q31589,1,P39,False,unlabeled
Q31629,1,P39,False,unlabeled
Q3164,1,P39,False,unlabeled
Q31673,1,P39,False,unlabeled
Q31717,1,P39,False,unlabeled
Q31761,1,P39,False,unlabeled
Q31805,1,P39,False,unlabeled
Q31849,1,P39,False,unlabeled
Q31938,1,P39,False,unlabeled
Q31982,1,P39,False,unlabeled
Q32070,1,P39,False,unlabeled
Q32114,1,P39,False,unlabeled
Q32186,1,P39,False,unlabeled
Q1471,1,P39,False,unlabeled
Q1473,1,P39,False,unlabeled
Q1477,1,P39,False,unlabeled
Q1484,1,P39,False,unlabeled
Q1486,1,P39,False,unlabeled
Q1496,1,P39,False,unlabeled
Q1498,1,P39,False,unlabeled
Q38034,1,P39,False,unlabeled
Q38038,1,P39,False,unlabeled
Q38042,1,P39,False,unlabeled
Q38046,1,P39,False,unlabeled
Q38050,1,P39,False,unlabeled
Q38054,1,P39,False,unlabeled
Q38058,1,P39,False,unlabeled
Q38062,1,P39,False,unlabeled
Q38066,1,P39,False,unlabeled
Q38074,1,P39,False,unlabeled
Q38086,1,P39,False,unlabeled
Q38094,1,P39,False,unlabeled
Q38106,1,P39,False,unlabeled
Q38111,1,P39,False,unlabeled
Q38119,1,P39,False,unlabeled
Q38127,1,P39,False,unlabeled
Q38150,1,P39,False,unlabeled
Q38178,1,P39,False,unlabeled
Q38190,1,P39,False,unlabeled
Q38194,1,P39,False,unlabeled
Q38218,1,P39,False,unlabeled
Q38242,1,P39,False,unlabeled
Q38246,1,P39,False,unlabeled
Q38250,1,P39,False,unlabeled
Q38254,1,P39,False,unlabeled
Q38258,1,P39,False,unlabeled
Q38262,1,P39,False,unlabeled
Q38266,1,P39,False,unlabeled
Q38270,1,P39,False,unlabeled
Q38290,1,P39,False,unlabeled
Q38331,1,P39,False,unlabeled
Q38335,1,P39,False,unlabeled
Q38339,1,P39,False,unlabeled
Q38347,1,P39,False,unlabeled
Q38367,1,P39,False,unlabeled
Q38379,1,P39,False,unlabeled
Q38391,1,P39,False,unlabeled
Q38399,1,P39,False,unlabeled
Q38407,1,P39,False,unlabeled
Q38411,1,P39,False,unlabeled
Q38419,1,P39,False,unlabeled
Q38423,1,P39,False,unlabeled
Q38427,1,P39,False,unlabeled
Q38435,1,P39,False,unlabeled
Q38443,1,P39,False,unlabeled
Q38451,1,P39,False,unlabeled
Q38455,1,P39,False,unlabeled
Q38459,1,P39,False,unlabeled
Q38467,1,P39,False,unlabeled
Q38479,1,P39,False,unlabeled
Q38483,1,P39,False,unlabeled
Q38487,1,P39,False,unlabeled
Q38491,1,P39,False,unlabeled
Q38495,1,P39,False,unlabeled
Q38499,1,P39,False,unlabeled
Q38511,1,P39,False,unlabeled
Q38515,1,P39,False,unlabeled
Q38523,1,P39,False,unlabeled
Q38527,1,P39,False,unlabeled
Q38531,1,P39,False,unlabeled
Q38535,1,P39,False,unlabeled
Q38547,1,P39,False,unlabeled
Q38551,1,P39,False,unlabeled
Q38567,1,P39,False,unlabeled
Q38571,1,P39,False,unlabeled
Q38575,1,P39,False,unlabeled
Q38579,1,P39,False,unlabeled
Q38583,1,P39,False,unlabeled
Q38587,1,P39,False,unlabeled
Q38591,1,P39,False,unlabeled
Q38595,1,P39,False,unlabeled
Q38599,1,P39,False,unlabeled
Q38607,1,P39,False,unlabeled
Q38611,1,P39,False,unlabeled
Q38619,1,P39,False,unlabeled
Q38623,7,"P39,P42,P20,P5,P11,P15,P60",True,restored
Q38627,1,P39,False,unlabeled
Q38635,1,P39,False,unlabeled
Q38651,1,P39,False,unlabeled
Q38655,1,P39,False,unlabeled
Q38663,1,P39,False,unlabeled
Q38687,7,"P39,P42,P20,P5,P11,P15,P60",True,restored
Q38711,1,P39,False,unlabeled
Q38715,1,P39,False,unlabeled
Q38719,1,P39,False,unlabeled
Q38723,1,P39,False,unlabeled
Q38727,1,P39,False,unlabeled
Q38731,1,P39,False,unlabeled
Q38735,1,P39,False,unlabeled
Q38739,1,P39,False,unlabeled
Q38747,1,P39,False,unlabeled
Q38751,1,P39,False,unlabeled
Q38755,1,P39,False,unlabeled
Q38759,1,P39,False,unlabeled
Q38767,1,P39,False,unlabeled
Q38771,1,P39,False,unlabeled
Q38775,1,P39,False,unlabeled
Q38783,1,P39,False,unlabeled
Q38791,1,P39,False,unlabeled
Q38795,1,P39,False,unlabeled
Q38799,1,P39,False,unlabeled
Q38803,1,P39,False,unlabeled
Q38807,1,P39,False,unlabeled
Q38811,1,P39,False,unlabeled
Q38815,1,P39,False,unlabeled
Q38819,1,P39,False,unlabeled
Q38823,1,P39,False,unlabeled
Q38831,1,P39,False,unlabeled
Q38835,1,P39,False,unlabeled
Q38863,1,P39,False,unlabeled
Q38867,1,P39,False,unlabeled
Q38871,1,P39,False,unlabeled
Q38875,1,P39,False,unlabeled
Q38883,1,P39,False,unlabeled
Q38887,1,P39,False,unlabeled
Q38895,1,P39,False,unlabeled
Q38899,1,P39,False,unlabeled
Q38903,1,P39,False,unlabeled
Q38907,1,P39,False,unlabeled
Q38911,1,P39,False,unlabeled
Q38919,1,P39,False,unlabeled
Q38923,1,P39,False,unlabeled
Q38935,1,P39,False,unlabeled
Q38943,1,P39,False,unlabeled
Q38947,1,P39,False,unlabeled
Q38951,1,P39,False,unlabeled
Q38955,1,P39,False,unlabeled
Q38959,1,P39,False,unlabeled
Q38963,1,P39,False,unlabeled
Q38971,1,P39,False,unlabeled
Q38987,1,P39,False,unlabeled
Q38991,1,P39,False,unlabeled
Q38995,1,P39,False,unlabeled
Q38999,1,P39,False,unlabeled
Q39011,1,P39,False,unlabeled
Q39015,1,P39,False,unlabeled
Q39019,1,P39,False,unlabeled
Q39028,1,P39,False,unlabeled
Q39032,1,P39,False,unlabeled
Q39064,1,P39,False,unlabeled
Q39076,1,P39,False,unlabeled
Q39084,1,P39,False,unlabeled
Q39100,1,P39,False,unlabeled
Q39104,1,P39,False,unlabeled
Q39108,1,P39,False,unlabeled
Q39112,1,P39,False,unlabeled
Q39136,1,P39,False,unlabeled
Q39140,1,P39,False,unlabeled
Q39144,1,P39,False,unlabeled
Q39156,1,P39,False,unlabeled
Q39209,1,P39,False,unlabeled
Q39213,1,P39,False,unlabeled
Q39249,1,P39,False,unlabeled
Q39253,1,P39,False,unlabeled
Q39257,1,P39,False,unlabeled
Q39261,1,P39,False,unlabeled
Q39265,1,P39,False,unlabeled
Q39273,1,P39,False,unlabeled
Q39337,1,P39,False,unlabeled
Q39477,1,P39,False,unlabeled
Q39481,1,P39,False,unlabeled
Q39498,1,P39,False,unlabeled
Q39610,1,P39,False,unlabeled
Q39824,1,P39,False,unlabeled
Q4049,1,P39,False,unlabeled
Q4067,1,P39,False,unlabeled
Q4118,1,P39,False,unlabeled
Q41351,1,P39,False,unlabeled
Q41439,1,P39,False,unlabeled
Q4199,1,P39,False,unlabeled
Q4210,1,P39,False,unlabeled
Q4257,1,P39,False,unlabeled
Q43009,1,P39,False,unlabeled
Q43012,1,P39,False,unlabeled
Q43020,1,P39,False,unlabeled
Q43025,1,P39,False,unlabeled
Q43033,1,P39,False,unlabeled
Q43061,1,P39,False,unlabeled
Q43065,1,P39,False,unlabeled
Q43073,1,P39,False,unlabeled
Q43081,1,P39,False,unlabeled
Q43085,1,P39,False,unlabeled
Q43137,1,P39,False,unlabeled
Q43173,1,P39,False,unlabeled
Q43197,1,P39,False,unlabeled
Q43201,1,P39,False,unlabeled
Q43213,1,P39,False,unlabeled
Q43225,1,P39,False,unlabeled
Q43229,1,P39,False,unlabeled
Q43291,1,P39,False,unlabeled
Q43299,1,P39,False,unlabeled
Q43332,1,P39,False,unlabeled
Q43364,1,P39,False,unlabeled
Q43448,1,P39,False,unlabeled
Q43452,1,P39,False,unlabeled
Q43480,1,P39,False,unlabeled
Q43580,1,P39,False,unlabeled
Q43584,1,P39,False,unlabeled
Q43588,1,P39,False,unlabeled
Q43934,1,P39,False,unlabeled
Q43978,1,P39,False,unlabeled
Q44441,1,P39,False,unlabeled
Q44554,1,P39,False,unlabeled
Q4583,1,P39,False,unlabeled
Q4607,1,P39,False,unlabeled
Q46590,6,"P39,P47,P5,P11,P15,P60",True,restored
Q4726,1,P39,False,unlabeled
Q47272,6,"P39,P48,P5,P11,P15,P60",True,restored
Q47284,6,"P39,P48,P5,P11,P15,P60",True,restored
Q4750,1,P39,False,unlabeled
Q48323,7,"P39,P42,P20,P5,P11,P15,P60",True,restored
Q48379,6,"P39,P20,P5,P11,P15,P60",True,restored
Q48436,7,"P39,P42,P20,P5,P11,P15,P60",True,restored
Q4846,1,P39,False,unlabeled
Q48464,7,"P39,P42,P20,P5,P11,P15,P60",True,restored
Q48810,7,"P39,P42,P20,P5,P11,P15,P60",True,restored
Q4886,1,P39,False,unlabeled
Q48874,7,"P39,P42,P20,P5,P11,P15,P60",True,restored
Q48962,7,"P39,P42,P20,P5,P11,P15,P60",True,restored
Q4901,1,P39,False,unlabeled
Q49047,7,"P39,P42,P20,P5,P11,P15,P60",True,restored
Q49124,7,"P39,P42,P20,P5,P11,P15,P60",True,restored
Q4918,1,P39,False,unlabeled
Q49188,7,"P39,P42,P20,P5,P11,P15,P60",True,restored
Q49239,7,"P39,P42,P20,P5,P11,P15,P60",True,restored
Q4925,1,P39,False,unlabeled
Q49271,7,"P39,P42,P20,P5,P11,P15,P60",True,restored
Q49295,7,"P39,P42,P20,P5,P11,P15,P60",True,restored
Q49687,8,"P39,P42,P20,P47,P5,P11,P15,P60",True,restored
Q49691,7,"P39,P42,P20,P5,P11,P15,P60",True,restored
Q50084,7,"P39,P20,P47,P5,P11,P15,P60",True,restored
Q50188,7,"P39,P20,P47,P5,P11,P15,P60",True,restored
Q50257,6,"P39,P20,P5,P11,P15,P60",True,restored
Q50265,7,"P39,P20,P47,P5,P11,P15,P60",True,restored
Q50327,7,"P39,P20,P47,P5,P11,P15,P60",True,restored
Q50376,7,"P39,P42,P20,P5,P11,P15,P60",True,restored
Q50428,7,"P39,P42,P20,P5,P11,P15,P60",True,restored
Q50540,7,"P39,P42,P20,P5,P11,P15,P60",True,restored
Q50544,9,"P39,P42,P20,P47,P48,P5,P11,P15,P60",True,restored
Q50613,8,"P39,P47,P42,P20,P5,P11,P15,P60",True,restored
Q50617,8,"P39,P48,P42,P20,P5,P11,P15,P60",True,restored
Q50669,9,"P39,P42,P20,P47,P48,P5,P11,P15,P60",True,restored
Q50705,9,"P39,P47,P48,P42,P20,P5,P11,P15,P60",True,restored
Q50779,1,P39,False,unlabeled
Q50784,1,P39,False,unlabeled
Q50789,1,P39,False,unlabeled
Q50794,1,P39,False,unlabeled
Q50799,1,P39,False,unlabeled
Q50804,1,P39,False,unlabeled
Q50809,1,P39,False,unlabeled
Q50814,1,P39,False,unlabeled
Q50819,1,P39,False,unlabeled
Q50824,1,P39,False,unlabeled
Q50829,1,P39,False,unlabeled
Q50834,1,P39,False,unlabeled
Q50839,1,P39,False,unlabeled
Q50844,1,P39,False,unlabeled
Q50849,1,P39,False,unlabeled
Q50854,1,P39,False,unlabeled
Q50859,1,P39,False,unlabeled
Q50864,1,P39,False,unlabeled
Q50869,1,P39,False,unlabeled
Q50874,1,P39,False,unlabeled
Q50879,1,P39,False,unlabeled
Q50884,1,P39,False,unlabeled
Q50889,1,P39,False,unlabeled
Q50894,1,P39,False,unlabeled
Q50899,1,P39,False,unlabeled
Q50904,1,P39,False,unlabeled
Q50909,1,P39,False,unlabeled
Q50914,1,P39,False,unlabeled
Q50919,1,P39,False,unlabeled
Q50924,1,P39,False,unlabeled
Q50929,1,P39,False,unlabeled
Q50934,1,P39,False,unlabeled
Q50940,1,P39,False,unlabeled
Q50945,1,P39,False,unlabeled
Q50950,1,P39,False,unlabeled
Q50955,1,P39,False,unlabeled
Q50960,1,P39,False,unlabeled
Q50965,1,P39,False,unlabeled
Q50970,1,P39,False,unlabeled
Q50975,1,P39,False,unlabeled
Q50980,1,P39,False,unlabeled
Q50985,1,P39,False,unlabeled
Q50990,1,P39,False,unlabeled
Q50995,1,P39,False,unlabeled
Q51000,1,P39,False,unlabeled
Q51005,1,P39,False,unlabeled
Q51010,1,P39,False,unlabeled
Q51015,1,P39,False,unlabeled
Q51020,1,P39,False,unlabeled
Q51025,1,P39,False,unlabeled
Q51030,1,P39,False,unlabeled
Q51035,1,P39,False,unlabeled
Q51040,1,P39,False,unlabeled
Q51045,1,P39,False,unlabeled
Q51050,1,P39,False,unlabeled
Q51055,1,P39,False,unlabeled
Q51060,1,P39,False,unlabeled
Q51065,1,P39,False,unlabeled
Q51070,1,P39,False,unlabeled
Q51075,1,P39,False,unlabeled
Q51080,1,P39,False,unlabeled
Q51085,1,P39,False,unlabeled
Q51090,1,P39,False,unlabeled
Q51095,1,P39,False,unlabeled
Q51100,1,P39,False,unlabeled
Q51105,1,P39,False,unlabeled
Q51110,1,P39,False,unlabeled
Q51115,1,P39,False,unlabeled
Q51120,1,P39,False,unlabeled
Q51125,1,P39,False,unlabeled
Q51130,1,P39,False,unlabeled
Q51135,1,P39,False,unlabeled
Q51140,1,P39,False,unlabeled
Q51145,1,P39,False,unlabeled
Q51150,1,P39,False,unlabeled
Q51155,1,P39,False,unlabeled
Q51160,1,P39,False,unlabeled
Q51165,1,P39,False,unlabeled
Q51170,1,P39,False,unlabeled
Q51175,1,P39,False,unlabeled
Q51180,1,P39,False,unlabeled
Q51185,1,P39,False,unlabeled
Q51190,1,P39,False,unlabeled
Q51195,1,P39,False,unlabeled
Q51199,1,P39,False,unlabeled
Q51204,1,P39,False,unlabeled
Q51209,1,P39,False,unlabeled
Q51214,1,P39,False,unlabeled
Q51219,1,P39,False,unlabeled
Q51224,1,P39,False,unlabeled
Q51229,1,P39,False,unlabeled
Q51234,1,P39,False,unlabeled
Q51239,1,P39,False,unlabeled
Q51244,1,P39,False,unlabeled
Q51249,1,P39,False,unlabeled
Q51254,1,P39,False,unlabeled
Q51259,1,P39,False,unlabeled
Q51264,1,P39,False,unlabeled
Q51269,1,P39,False,unlabeled
Q51274,1,P39,False,unlabeled
Q51279,1,P39,False,unlabeled
Q51284,1,P39,False,unlabeled
Q51289,1,P39,False,unlabeled
Q51294,1,P39,False,unlabeled
Q51299,1,P39,False,unlabeled
Q51304,1,P39,False,unlabeled
Q51309,1,P39,False,unlabeled
Q51314,1,P39,False,unlabeled
Q51319,1,P39,False,unlabeled
Q51324,1,P39,False,unlabeled
Q51329,1,P39,False,unlabeled
Q51334,1,P39,False,unlabeled
Q51340,1,P39,False,unlabeled
Q51345,1,P39,False,unlabeled
Q51350,1,P39,False,unlabeled
Q51355,1,P39,False,unlabeled
Q51360,1,P39,False,unlabeled
Q51365,1,P39,False,unlabeled
Q51370,1,P39,False,unlabeled
Q51375,1,P39,False,unlabeled
Q51380,1,P39,False,unlabeled
Q51385,1,P39,False,unlabeled
Q51390,1,P39,False,unlabeled
Q51395,1,P39,False,unlabeled
Q51400,1,P39,False,unlabeled
Q51405,1,P39,False,unlabeled
Q51410,1,P39,False,unlabeled
Q51415,1,P39,False,unlabeled
Q51420,1,P39,False,unlabeled
Q51425,1,P39,False,unlabeled
Q51430,1,P39,False,unlabeled
Q51432,7,"P39,P42,P20,P5,P11,P15,P60",True,restored
Q51435,1,P39,False,unlabeled
Q51440,1,P39,False,unlabeled
Q51445,1,P39,False,unlabeled
Q51450,1,P39,False,unlabeled
Q51455,1,P39,False,unlabeled
Q51460,1,P39,False,unlabeled
Q51462,7,"P39,P42,P20,P5,P11,P15,P60",True,restored
Q51465,1,P39,False,unlabeled
Q51469,1,P39,False,unlabeled
Q51473,1,P39,False,unlabeled
Q51477,1,P39,False,unlabeled
Q51481,1,P39,False,unlabeled
Q51485,1,P39,False,unlabeled
Q51489,1,P39,False,unlabeled
Q51493,1,P39,False,unlabeled
Q51497,1,P39,False,unlabeled
Q51501,1,P39,False,unlabeled
Q51505,1,P39,False,unlabeled
Q51509,1,P39,False,unlabeled
Q51513,1,P39,False,unlabeled
Q51516,7,"P39,P42,P20,P5,P11,P15,P60",True,restored
Q51517,1,P39,False,unlabeled
Q51521,1,P39,False,unlabeled
Q51525,1,P39,False,unlabeled
Q51529,1,P39,False,unlabeled
Q51533,1,P39,False,unlabeled
Q51537,1,P39,False,unlabeled
Q51541,1,P39,False,unlabeled
Q51545,1,P39,False,unlabeled
Q51549,1,P39,False,unlabeled
Q51553,1,P39,False,unlabeled
Q51557,1,P39,False,unlabeled
Q51561,1,P39,False,unlabeled
Q51565,1,P39,False,unlabeled
Q51569,1,P39,False,unlabeled
Q51573,1,P39,False,unlabeled
Q51577,1,P39,False,unlabeled
Q51581,1,P39,False,unlabeled
Q51585,1,P39,False,unlabeled
Q51589,1,P39,False,unlabeled
Q51593,1,P39,False,unlabeled
Q51597,1,P39,False,unlabeled
Q51601,1,P39,False,unlabeled
Q51605,1,P39,False,unlabeled
Q51609,1,P39,False,unlabeled
Q51613,1,P39,False,unlabeled
Q51617,1,P39,False,unlabeled
Q51621,1,P39,False,unlabeled
Q51625,1,P39,False,unlabeled
Q51629,1,P39,False,unlabeled
Q51633,1,P39,False,unlabeled
Q51637,1,P39,False,unlabeled
Q51641,1,P39,False,unlabeled
Q51645,1,P39,False,unlabeled
Q51650,1,P39,False,unlabeled
Q51654,1,P39,False,unlabeled
Q51658,1,P39,False,unlabeled
Q51662,1,P39,False,unlabeled
Q51666,1,P39,False,unlabeled
Q51670,1,P39,False,unlabeled
Q51674,1,P39,False,unlabeled
Q51678,1,P39,False,unlabeled
Q51682,1,P39,False,unlabeled
Q51686,1,P39,False,unlabeled
Q51690,1,P39,False,unlabeled
Q51694,1,P39,False,unlabeled
Q51698,1,P39,False,unlabeled
Q51702,1,P39,False,unlabeled
Q51706,1,P39,False,unlabeled
Q51710,1,P39,False,unlabeled
Q51714,1,P39,False,unlabeled
Q51718,1,P39,False,unlabeled
Q51722,1,P39,False,unlabeled
Q51726,1,P39,False,unlabeled
Q51730,1,P39,False,unlabeled
Q51734,1,P39,False,unlabeled
Q51738,1,P39,False,unlabeled
Q51742,1,P39,False,unlabeled
Q51746,1,P39,False,unlabeled
Q51750,1,P39,False,unlabeled
Q51754,1,P39,False,unlabeled
Q51758,1,P39,False,unlabeled
Q51762,1,P39,False,unlabeled
Q51766,1,P39,False,unlabeled
Q51770,1,P39,False,unlabeled
Q51774,1,P39,False,unlabeled
Q51778,1,P39,False,unlabeled
Q51782,1,P39,False,unlabeled
Q51786,1,P39,False,unlabeled
Q51790,1,P39,False,unlabeled
Q51794,1,P39,False,unlabeled
Q51798,1,P39,False,unlabeled
Q51802,1,P39,False,unlabeled
Q51807,1,P39,False,unlabeled
Q51811,1,P39,False,unlabeled
Q51815,1,P39,False,unlabeled
Q51819,1,P39,False,unlabeled
Q51823,1,P39,False,unlabeled
Q51827,1,P39,False,unlabeled
Q51831,1,P39,False,unlabeled
Q51835,1,P39,False,unlabeled
Q51839,1,P39,False,unlabeled
Q51843,1,P39,False,unlabeled
Q51847,1,P39,False,unlabeled
Q51851,1,P39,False,unlabeled
Q51855,1,P39,False,unlabeled
Q51859,1,P39,False,unlabeled
Q51863,1,P39,False,unlabeled
Q51867,1,P39,False,unlabeled
Q51871,1,P39,False,unlabeled
Q51875,1,P39,False,unlabeled
Q51879,1,P39,False,unlabeled
Q51883,1,P39,False,unlabeled
Q51887,1,P39,False,unlabeled
Q51891,1,P39,False,unlabeled
Q51895,1,P39,False,unlabeled
Q51899,1,P39,False,unlabeled
Q51903,1,P39,False,unlabeled
Q51907,1,P39,False,unlabeled
Q51911,1,P39,False,unlabeled
Q51915,1,P39,False,unlabeled
Q51919,1,P39,False,unlabeled
Q51923,1,P39,False,unlabeled
Q51927,1,P39,False,unlabeled
Q51931,1,P39,False,unlabeled
Q51934,7,"P39,P42,P20,P5,P11,P15,P60",True,restored
Q51935,1,P39,False,unlabeled
Q51939,1,P39,False,unlabeled
Q51943,1,P39,False,unlabeled
Q51947,1,P39,False,unlabeled
Q51951,1,P39,False,unlabeled
Q51955,1,P39,False,unlabeled
Q51959,1,P39,False,unlabeled
Q51963,1,P39,False,unlabeled
Q51967,1,P39,False,unlabeled
Q51971,1,P39,False,unlabeled
Q51975,1,P39,False,unlabeled
Q51979,1,P39,False,unlabeled
Q51983,1,P39,False,unlabeled
Q51987,1,P39,False,unlabeled
Q51991,1,P39,False,unlabeled
Q51995,1,P39,False,unlabeled
Q51999,1,P39,False,unlabeled
Q52003,1,P39,False,unlabeled
Q52007,1,P39,False,unlabeled
Q52011,1,P39,False,unlabeled
Q52015,1,P39,False,unlabeled
Q52019,1,P39,False,unlabeled
Q52023,1,P39,False,unlabeled
Q52027,1,P39,False,unlabeled
Q52031,1,P39,False,unlabeled
Q52035,1,P39,False,unlabeled
Q52039,1,P39,False,unlabeled
Q52043,1,P39,False,unlabeled
Q52047,1,P39,False,unlabeled
Q52051,1,P39,False,unlabeled
Q52055,1,P39,False,unlabeled
Q52059,1,P39,False,unlabeled
Q52063,1,P39,False,unlabeled
Q52067,1,P39,False,unlabeled
Q52071,1,P39,False,unlabeled
Q52075,1,P39,False,unlabeled
Q52079,1,P39,False,unlabeled
Q52083,1,P39,False,unlabeled
Q52087,1,P39,False,unlabeled
Q52091,1,P39,False,unlabeled
Q52095,1,P39,False,unlabeled
Q52099,1,P39,False,unlabeled
Q52103,1,P39,False,unlabeled
Q52107,1,P39,False,unlabeled
Q52111,1,P39,False,unlabeled
Q52115,1,P39,False,unlabeled
Q52119,1,P39,False,unlabeled
Q52123,1,P39,False,unlabeled
Q52127,1,P39,False,unlabeled
Q52131,1,P39,False,unlabeled
Q52135,1,P39,False,unlabeled
Q52139,1,P39,False,unlabeled
Q52143,1,P39,False,unlabeled
Q52147,1,P39,False,unlabeled
Q52151,1,P39,False,unlabeled
Q52176,1,P39,False,unlabeled
Q52180,1,P39,False,unlabeled
Q52188,1,P39,False,unlabeled
Q52192,1,P39,False,unlabeled
Q52200,1,P39,False,unlabeled
Q52204,1,P39,False,unlabeled
Q52216,1,P39,False,unlabeled
Q52240,1,P39,False,unlabeled
Q52244,1,P39,False,unlabeled
Q52248,1,P39,False,unlabeled
Q52264,1,P39,False,unlabeled
Q52272,1,P39,False,unlabeled
Q52276,1,P39,False,unlabeled
Q52280,1,P39,False,unlabeled
Q52284,1,P39,False,unlabeled
Q52292,1,P39,False,unlabeled
Q52304,1,P39,False,unlabeled
Q52316,1,P39,False,unlabeled
Q52320,1,P39,False,unlabeled
Q52328,2,"P39,P20",True,restored
Q52332,1,P39,False,unlabeled
Q52344,1,P39,False,unlabeled
Q52356,1,P39,False,unlabeled
Q52392,1,P39,False,unlabeled
Q52396,1,P39,False,unlabeled
Q52408,1,P39,False,unlabeled
Q52420,1,P39,False,unlabeled
Q52424,1,P39,False,unlabeled
Q52436,1,P39,False,unlabeled
Q52464,1,P39,False,unlabeled
Q52472,1,P39,False,unlabeled
Q52480,1,P39,False,unlabeled
Q52488,1,P39,False,unlabeled
Q52496,1,P39,False,unlabeled
Q52508,1,P39,False,unlabeled
Q52516,1,P39,False,unlabeled
Q52524,1,P39,False,unlabeled
Q52532,1,P39,False,unlabeled
Q52536,1,P39,False,unlabeled
Q52540,1,P39,False,unlabeled
Q52544,1,P39,False,unlabeled
Q52548,1,P39,False,unlabeled
Q52552,1,P39,False,unlabeled
Q52560,1,P39,False,unlabeled
Q52568,1,P39,False,unlabeled
Q52584,1,P39,False,unlabeled
Q52588,1,P39,False,unlabeled
Q52592,1,P39,False,unlabeled
Q52596,1,P39,False,unlabeled
Q52600,1,P39,False,unlabeled
Q52604,1,P39,False,unlabeled
Q52608,1,P39,False,unlabeled
Q52612,1,P39,False,unlabeled
Q52616,1,P39,False,unlabeled
Q52620,1,P39,False,unlabeled
Q52624,1,P39,False,unlabeled
Q52640,1,P39,False,unlabeled
Q52644,1,P39,False,unlabeled
Q52653,1,P39,False,unlabeled
Q52657,1,P39,False,unlabeled
Q52661,1,P39,False,unlabeled
Q52665,1,P39,False,unlabeled
Q52673,1,P39,False,unlabeled
Q52677,1,P39,False,unlabeled
Q52681,1,P39,False,unlabeled
Q52685,1,P39,False,unlabeled
Q52689,1,P39,False,unlabeled
Q52693,1,P39,False,unlabeled
Q52697,1,P39,False,unlabeled
Q52701,1,P39,False,unlabeled
Q52713,1,P39,False,unlabeled
Q52717,1,P39,False,unlabeled
Q52721,1,P39,False,unlabeled
Q52725,1,P39,False,unlabeled
Q52729,1,P39,False,unlabeled
Q52733,1,P39,False,unlabeled
Q52737,1,P39,False,unlabeled
Q52741,1,P39,False,unlabeled
Q52745,1,P39,False,unlabeled
Q52749,1,P39,False,unlabeled
Q52753,1,P39,False,unlabeled
Q52756,1,P39,False,unlabeled
Q52760,1,P39,False,unlabeled
Q52764,1,P39,False,unlabeled
Q52768,1,P39,False,unlabeled
Q52772,1,P39,False,unlabeled
Q52776,1,P39,False,unlabeled
Q52780,1,P39,False,unlabeled
Q52784,1,P39,False,unlabeled
Q52796,1,P39,False,unlabeled
Q52808,1,P39,False,unlabeled
Q52812,1,P39,False,unlabeled
Q52820,1,P39,False,unlabeled
Q52824,1,P39,False,unlabeled
Q52828,1,P39,False,unlabeled
Q52832,1,P39,False,unlabeled
Q52836,1,P39,False,unlabeled
Q52840,1,P39,False,unlabeled
Q52844,1,P39,False,unlabeled
Q52848,1,P39,False,unlabeled
Q52852,1,P39,False,unlabeled
Q52856,1,P39,False,unlabeled
Q52860,1,P39,False,unlabeled
Q52864,1,P39,False,unlabeled
Q52868,1,P39,False,unlabeled
Q52876,1,P39,False,unlabeled
Q52880,1,P39,False,unlabeled
Q52884,1,P39,False,unlabeled
Q52888,1,P39,False,unlabeled
Q52892,1,P39,False,unlabeled
Q52896,1,P39,False,unlabeled
Q52914,1,P39,False,unlabeled
Q52918,1,P39,False,unlabeled
Q52922,1,P39,False,unlabeled
Q52926,1,P39,False,unlabeled
Q52930,1,P39,False,unlabeled
Q52934,1,P39,False,unlabeled
Q52938,1,P39,False,unlabeled
Q52942,1,P39,False,unlabeled
Q52950,1,P39,False,unlabeled
Q52954,1,P39,False,unlabeled
Q52958,1,P39,False,unlabeled
Q52962,1,P39,False,unlabeled
Q52966,1,P39,False,unlabeled
Q52982,1,P39,False,unlabeled
Q52990,1,P39,False,unlabeled
Q52994,1,P39,False,unlabeled
Q53002,1,P39,False,unlabeled
Q53010,1,P39,False,unlabeled
Q53014,1,P39,False,unlabeled
Q53022,1,P39,False,unlabeled
Q53034,1,P39,False,unlabeled
Q53038,1,P39,False,unlabeled
Q53042,1,P39,False,unlabeled
Q53046,1,P39,False,unlabeled
Q53050,1,P39,False,unlabeled
Q53054,1,P39,False,unlabeled
Q53058,1,P39,False,unlabeled
Q53082,1,P39,False,unlabeled
Q53109,1,P39,False,unlabeled
Q53113,1,P39,False,unlabeled
Q53117,1,P39,False,unlabeled
Q53129,1,P39,False,unlabeled
Q53133,1,P39,False,unlabeled
Q53137,1,P39,False,unlabeled
Q53141,1,P39,False,unlabeled
Q53145,1,P39,False,unlabeled
Q53149,1,P39,False,unlabeled
Q53153,1,P39,False,unlabeled
Q53157,1,P39,False,unlabeled
Q53161,1,P39,False,unlabeled
Q53165,1,P39,False,unlabeled
Q53169,1,P39,False,unlabeled
Q53173,1,P39,False,unlabeled
Q53177,1,P39,False,unlabeled
Q53181,1,P39,False,unlabeled
Q53185,1,P39,False,unlabeled
Q53189,1,P39,False,unlabeled
Q53193,1,P39,False,unlabeled
Q53197,1,P39,False,unlabeled
Q53201,1,P39,False,unlabeled
Q53205,1,P39,False,unlabeled
Q53209,1,P39,False,unlabeled
Q53213,1,P39,False,unlabeled
Q53217,1,P39,False,unlabeled
Q53221,1,P39,False,unlabeled
Q53225,1,P39,False,unlabeled
Q53233,1,P39,False,unlabeled
Q53237,1,P39,False,unlabeled
Q53241,1,P39,False,unlabeled
Q53245,1,P39,False,unlabeled
Q53249,1,P39,False,unlabeled
Q53253,1,P39,False,unlabeled
Q53257,1,P39,False,unlabeled
Q53261,1,P39,False,unlabeled
Q53265,1,P39,False,unlabeled
Q53269,1,P39,False,unlabeled
Q53274,1,P39,False,unlabeled
Q53278,1,P39,False,unlabeled
Q53286,1,P39,False,unlabeled
Q53290,1,P39,False,unlabeled
Q53298,1,P39,False,unlabeled
Q53302,1,P39,False,unlabeled
Q53306,1,P39,False,unlabeled
Q53310,1,P39,False,unlabeled
Q53314,1,P39,False,unlabeled
Q53318,1,P39,False,unlabeled
Q53330,1,P39,False,unlabeled
Q53334,1,P39,False,unlabeled
Q53338,1,P39,False,unlabeled
Q53342,1,P39,False,unlabeled
Q53346,1,P39,False,unlabeled
Q53350,1,P39,False,unlabeled
Q53354,1,P39,False,unlabeled
Q53358,1,P39,False,unlabeled
Q53362,1,P39,False,unlabeled
Q53366,1,P39,False,unlabeled
Q53370,1,P39,False,unlabeled
Q53374,1,P39,False,unlabeled
Q53378,1,P39,False,unlabeled
Q53382,1,P39,False,unlabeled
Q53386,1,P39,False,unlabeled
Q53390,1,P39,False,unlabeled
Q53394,1,P39,False,unlabeled
Q53398,1,P39,False,unlabeled
Q53402,1,P39,False,unlabeled
Q53406,1,P39,False,unlabeled
Q53410,1,P39,False,unlabeled
Q53414,1,P39,False,unlabeled
Q53418,1,P39,False,unlabeled
Q53422,1,P39,False,unlabeled
Q53426,1,P39,False,unlabeled
Q53430,1,P39,False,unlabeled
Q53434,1,P39,False,unlabeled
Q53438,1,P39,False,unlabeled
Q53442,1,P39,False,unlabeled
Q53446,1,P39,False,unlabeled
Q53450,1,P39,False,unlabeled
Q53454,1,P39,False,unlabeled
Q53458,1,P39,False,unlabeled
Q53462,1,P39,False,unlabeled
Q53466,1,P39,False,unlabeled
Q53470,1,P39,False,unlabeled
Q53474,1,P39,False,unlabeled
Q53478,1,P39,False,unlabeled
Q53482,1,P39,False,unlabeled
Q53486,1,P39,False,unlabeled
Q53490,1,P39,False,unlabeled
Q53494,1,P39,False,unlabeled
Q53498,1,P39,False,unlabeled
Q53502,1,P39,False,unlabeled
Q53506,1,P39,False,unlabeled
Q53510,1,P39,False,unlabeled
Q53514,1,P39,False,unlabeled
Q53518,1,P39,False,unlabeled
Q53522,1,P39,False,unlabeled
Q53526,1,P39,False,unlabeled
Q53530,1,P39,False,unlabeled
Q53538,1,P39,False,unlabeled
Q53542,1,P39,False,unlabeled
Q53546,1,P39,False,unlabeled
Q53550,1,P39,False,unlabeled
Q53554,1,P39,False,unlabeled
Q53559,1,P39,False,unlabeled
Q5356,1,P39,False,unlabeled
Q53563,1,P39,False,unlabeled
Q53567,1,P39,False,unlabeled
Q53571,1,P39,False,unlabeled
Q53575,1,P39,False,unlabeled
Q53579,1,P39,False,unlabeled
Q53583,1,P39,False,unlabeled
Q53587,1,P39,False,unlabeled
Q53591,1,P39,False,unlabeled
Q53595,1,P39,False,unlabeled
Q53599,1,P39,False,unlabeled
Q53603,1,P39,False,unlabeled
Q53607,1,P39,False,unlabeled
Q53615,1,P39,False,unlabeled
Q53619,1,P39,False,unlabeled
Q53623,1,P39,False,unlabeled
Q53627,1,P39,False,unlabeled
Q53631,1,P39,False,unlabeled
Q53635,1,P39,False,unlabeled
Q53639,1,P39,False,unlabeled
Q53647,1,P39,False,unlabeled
Q53655,1,P39,False,unlabeled
Q53659,1,P39,False,unlabeled
Q53663,1,P39,False,unlabeled
Q53667,1,P39,False,unlabeled
Q5367,1,P39,False,unlabeled
Q53671,1,P39,False,unlabeled
Q53675,1,P39,False,unlabeled
Q53679,1,P39,False,unlabeled
Q53683,1,P39,False,unlabeled
Q53687,1,P39,False,unlabeled
Q53691,1,P39,False,unlabeled
Q53695,1,P39,False,unlabeled
Q53699,1,P39,False,unlabeled
Q53703,1,P39,False,unlabeled
Q53707,1,P39,False,unlabeled
Q53711,1,P39,False,unlabeled
Q53715,1,P39,False,unlabeled
Q53719,1,P39,False,unlabeled
Q53723,1,P39,False,unlabeled
Q53727,1,P39,False,unlabeled
Q53731,1,P39,False,unlabeled
Q53735,1,P39,False,unlabeled
Q53739,1,P39,False,unlabeled
Q53743,1,P39,False,unlabeled
Q53747,1,P39,False,unlabeled
Q53751,1,P39,False,unlabeled
Q53755,1,P39,False,unlabeled
Q53759,1,P39,False,unlabeled
Q53763,1,P39,False,unlabeled
Q53767,1,P39,False,unlabeled
Q53771,1,P39,False,unlabeled
Q53775,1,P39,False,unlabeled
Q53779,1,P39,False,unlabeled
Q53783,1,P39,False,unlabeled
Q53787,1,P39,False,unlabeled
Q53791,1,P39,False,unlabeled
Q53795,1,P39,False,unlabeled
Q53799,1,P39,False,unlabeled
Q53803,1,P39,False,unlabeled
Q53807,1,P39,False,unlabeled
Q53811,1,P39,False,unlabeled
Q53815,1,P39,False,unlabeled
Q53819,1,P39,False,unlabeled
Q53823,1,P39,False,unlabeled
Q53827,1,P39,False,unlabeled
Q53831,1,P39,False,unlabeled
Q53835,1,P39,False,unlabeled
Q53839,1,P39,False,unlabeled
Q53843,1,P39,False,unlabeled
Q53847,1,P39,False,unlabeled
Q53851,1,P39,False,unlabeled
Q53855,1,P39,False,unlabeled
Q53859,1,P39,False,unlabeled
Q53863,1,P39,False,unlabeled
Q53867,1,P39,False,unlabeled
Q53871,1,P39,False,unlabeled
Q53875,1,P39,False,unlabeled
Q53879,1,P39,False,unlabeled
Q53883,1,P39,False,unlabeled
Q53887,1,P39,False,unlabeled
Q53891,1,P39,False,unlabeled
Q53895,1,P39,False,unlabeled
Q53899,1,P39,False,unlabeled
Q53903,1,P39,False,unlabeled
Q53907,1,P39,False,unlabeled
Q53911,1,P39,False,unlabeled
Q53915,1,P39,False,unlabeled
Q53919,1,P39,False,unlabeled
Q53923,1,P39,False,unlabeled
Q53927,1,P39,False,unlabeled
Q53931,1,P39,False,unlabeled
Q53935,1,P39,False,unlabeled
Q53939,1,P39,False,unlabeled
Q53943,1,P39,False,unlabeled
Q53947,1,P39,False,unlabeled
Q53951,1,P39,False,unlabeled
Q53955,1,P39,False,unlabeled
Q53959,1,P39,False,unlabeled
Q53963,1,P39,False,unlabeled
Q53967,1,P39,False,unlabeled
Q5397,1,P39,False,unlabeled
Q53971,1,P39,False,unlabeled
Q53975,1,P39,False,unlabeled
Q53979,1,P39,False,unlabeled
Q53983,1,P39,False,unlabeled
Q53987,1,P39,False,unlabeled
Q53991,1,P39,False,unlabeled
Q53995,1,P39,False,unlabeled
Q53999,1,P39,False,unlabeled
Q54003,1,P39,False,unlabeled
Q54007,1,P39,False,unlabeled
Q54011,1,P39,False,unlabeled
Q54015,1,P39,False,unlabeled
Q54019,1,P39,False,unlabeled
Q54023,1,P39,False,unlabeled
Q54027,1,P39,False,unlabeled
Q54031,1,P39,False,unlabeled
Q54035,1,P39,False,unlabeled
Q54039,1,P39,False,unlabeled
Q54043,1,P39,False,unlabeled
Q54047,1,P39,False,unlabeled
Q54051,1,P39,False,unlabeled
Q54055,1,P39,False,unlabeled
Q54059,1,P39,False,unlabeled
Q54063,1,P39,False,unlabeled
Q54067,1,P39,False,unlabeled
Q54071,1,P39,False,unlabeled
Q54075,1,P39,False,unlabeled
Q54079,1,P39,False,unlabeled
Q54083,1,P39,False,unlabeled
Q54087,1,P39,False,unlabeled
Q54091,1,P39,False,unlabeled
Q54096,1,P39,False,unlabeled
Q54100,1,P39,False,unlabeled
Q54104,1,P39,False,unlabeled
Q54108,1,P39,False,unlabeled
Q54112,1,P39,False,unlabeled
Q54116,1,P39,False,unlabeled
Q54120,1,P39,False,unlabeled
Q54124,1,P39,False,unlabeled
Q54128,1,P39,False,unlabeled
Q54132,1,P39,False,unlabeled
Q54136,1,P39,False,unlabeled
Q54140,1,P39,False,unlabeled
Q54144,1,P39,False,unlabeled
Q54148,1,P39,False,unlabeled
Q54152,1,P39,False,unlabeled
Q54156,1,P39,False,unlabeled
Q54160,1,P39,False,unlabeled
Q54164,1,P39,False,unlabeled
Q54168,1,P39,False,unlabeled
Q54172,1,P39,False,unlabeled
Q54176,1,P39,False,unlabeled
Q54180,1,P39,False,unlabeled
Q54184,1,P39,False,unlabeled
Q54188,1,P39,False,unlabeled
Q54192,1,P39,False,unlabeled
Q54196,1,P39,False,unlabeled
Q54200,1,P39,False,unlabeled
Q54204,1,P39,False,unlabeled
Q54208,1,P39,False,unlabeled
Q54212,1,P39,False,unlabeled
Q54216,1,P39,False,unlabeled
Q54220,1,P39,False,unlabeled
Q54224,1,P39,False,unlabeled
Q54228,1,P39,False,unlabeled
Q54232,1,P39,False,unlabeled
Q54236,1,P39,False,unlabeled
Q54240,1,P39,False,unlabeled
Q54244,1,P39,False,unlabeled
Q54248,1,P39,False,unlabeled
Q54252,1,P39,False,unlabeled
Q54256,1,P39,False,unlabeled
Q54260,1,P39,False,unlabeled
Q54264,1,P39,False,unlabeled
Q54268,1,P39,False,unlabeled
Q54272,1,P39,False,unlabeled
Q54276,1,P39,False,unlabeled
Q54280,1,P39,False,unlabeled
Q54284,1,P39,False,unlabeled
Q54288,1,P39,False,unlabeled
Q54292,1,P39,False,unlabeled
Q54296,1,P39,False,unlabeled
Q54300,1,P39,False,unlabeled
Q54304,1,P39,False,unlabeled
Q54308,1,P39,False,unlabeled
Q54312,1,P39,False,unlabeled
Q54316,1,P39,False,unlabeled
Q54320,1,P39,False,unlabeled
Q54324,1,P39,False,unlabeled
Q54328,1,P39,False,unlabeled
Q54332,1,P39,False,unlabeled
Q54336,1,P39,False,unlabeled
Q54340,1,P39,False,unlabeled
Q54344,1,P39,False,unlabeled
Q54348,1,P39,False,unlabeled
Q54352,1,P39,False,unlabeled
Q54356,1,P39,False,unlabeled
Q54360,1,P39,False,unlabeled
Q54364,1,P39,False,unlabeled
Q54368,1,P39,False,unlabeled
Q54372,1,P39,False,unlabeled
Q54376,1,P39,False,unlabeled
Q5438,1,P39,False,unlabeled
Q54380,1,P39,False,unlabeled
Q54384,1,P39,False,unlabeled
Q54388,1,P39,False,unlabeled
Q54392,1,P39,False,unlabeled
Q54396,1,P39,False,unlabeled
Q54400,1,P39,False,unlabeled
Q54404,1,P39,False,unlabeled
Q54408,1,P39,False,unlabeled
Q54412,1,P39,False,unlabeled
Q54416,1,P39,False,unlabeled
Q54420,1,P39,False,unlabeled
Q54424,1,P39,False,unlabeled
Q54428,1,P39,False,unlabeled
Q54432,1,P39,False,unlabeled
Q54436,1,P39,False,unlabeled
Q54440,1,P39,False,unlabeled
Q54444,1,P39,False,unlabeled
Q54448,1,P39,False,unlabeled
Q54452,1,P39,False,unlabeled
Q54456,1,P39,False,unlabeled
Q54460,1,P39,False,unlabeled
Q54465,1,P39,False,unlabeled
Q54469,1,P39,False,unlabeled
Q54473,1,P39,False,unlabeled
Q54477,1,P39,False,unlabeled
Q54481,1,P39,False,unlabeled
Q54485,1,P39,False,unlabeled
Q54489,1,P39,False,unlabeled
Q54493,1,P39,False,unlabeled
Q54497,1,P39,False,unlabeled
Q54501,1,P39,False,unlabeled
Q54505,1,P39,False,unlabeled
Q54517,1,P39,False,unlabeled
Q54525,1,P39,False,unlabeled
Q54529,1,P39,False,unlabeled
Q54533,1,P39,False,unlabeled
Q54537,1,P39,False,unlabeled
Q54541,1,P39,False,unlabeled
Q54545,1,P39,False,unlabeled
Q54549,1,P39,False,unlabeled
Q54553,1,P39,False,unlabeled
Q54557,1,P39,False,unlabeled
Q54561,1,P39,False,unlabeled
Q54565,1,P39,False,unlabeled
Q54569,1,P39,False,unlabeled
Q32202,1,P39,False,unlabeled
Q32246,1,P39,False,unlabeled
Q32290,1,P39,False,unlabeled
Q32331,1,P39,False,unlabeled
Q32371,1,P39,False,unlabeled
Q3239,1,P39,False,unlabeled
Q32415,1,P39,False,unlabeled
Q32503,1,P39,False,unlabeled
Q32588,1,P39,False,unlabeled
Q3261,1,P39,False,unlabeled
Q32640,1,P39,False,unlabeled
Q32644,1,P39,False,unlabeled
Q32676,1,P39,False,unlabeled
Q32720,1,P39,False,unlabeled
Q32764,1,P39,False,unlabeled
Q3282,1,P39,False,unlabeled
Q32852,1,P39,False,unlabeled
Q32941,1,P39,False,unlabeled
Q3300,1,P39,False,unlabeled
Q33029,1,P39,False,unlabeled
Q33073,1,P39,False,unlabeled
Q33105,8,"P39,P47,P48,P20,P5,P11,P15,P60",True,restored
Q33161,1,P39,False,unlabeled
Q33173,1,P39,False,unlabeled
Q33205,1,P39,False,unlabeled
Q33294,1,P39,False,unlabeled
Q33337,1,P39,False,unlabeled
Q33378,1,P39,False,unlabeled
Q33382,1,P39,False,unlabeled
Q33410,1,P39,False,unlabeled
Q33462,1,P39,False,unlabeled
Q33470,1,P39,False,unlabeled
Q3348,1,P39,False,unlabeled
Q33560,1,P39,False,unlabeled
Q33644,1,P39,False,unlabeled
Q33648,1,P39,False,unlabeled
Q33652,1,P39,False,unlabeled
Q33692,1,P39,False,unlabeled
Q3370,1,P39,False,unlabeled
Q33737,1,P39,False,unlabeled
Q33781,1,P39,False,unlabeled
Q33825,1,P39,False,unlabeled
Q33869,1,P39,False,unlabeled
Q33913,1,P39,False,unlabeled
Q33999,1,P39,False,unlabeled
Q3403,1,P39,False,unlabeled
Q34043,1,P39,False,unlabeled
Q34087,1,P39,False,unlabeled
Q34127,1,P39,False,unlabeled
Q34171,1,P39,False,unlabeled
Q34211,1,P39,False,unlabeled
Q34215,1,P39,False,unlabeled
Q3436,1,P39,False,unlabeled
Q34372,1,P39,False,unlabeled
Q34388,1,P39,False,unlabeled
Q34392,1,P39,False,unlabeled
Q34713,1,P39,False,unlabeled
Q3480,1,P39,False,unlabeled
Q34948,7,"P39,P47,P20,P5,P11,P15,P60",True,restored
Q3502,1,P39,False,unlabeled
Q35087,7,"P39,P47,P48,P5,P11,P15,P60",True,restored
Q3524,1,P39,False,unlabeled
Q3526,1,P39,False,unlabeled
Q3536,1,P39,False,unlabeled
Q3612,1,P39,False,unlabeled
Q36232,1,P39,False,unlabeled
Q36276,1,P39,False,unlabeled
Q36399,1,P39,False,unlabeled
Q36403,1,P39,False,unlabeled
Q36411,1,P39,False,unlabeled
Q36455,1,P39,False,unlabeled
Q36500,1,P39,False,unlabeled
Q36536,1,P39,False,unlabeled
Q36576,1,P39,False,unlabeled
Q36580,1,P39,False,unlabeled
Q36625,1,P39,False,unlabeled
Q36670,1,P39,False,unlabeled
Q36714,1,P39,False,unlabeled
Q36734,1,P39,False,unlabeled
Q36774,1,P39,False,unlabeled
Q36818,1,P39,False,unlabeled
Q36864,1,P39,False,unlabeled
Q36908,1,P39,False,unlabeled
Q36951,1,P39,False,unlabeled
Q3698,1,P39,False,unlabeled
Q36995,1,P39,False,unlabeled
Q37040,1,P39,False,unlabeled
Q37084,1,P39,False,unlabeled
Q37128,1,P39,False,unlabeled
Q37173,1,P39,False,unlabeled
Q37219,1,P39,False,unlabeled
Q37264,1,P39,False,unlabeled
Q37308,1,P39,False,unlabeled
Q37324,6,"P39,P47,P5,P11,P15,P60",True,restored
Q37368,6,"P39,P47,P5,P11,P15,P60",True,restored
Q37372,6,"P39,P47,P5,P11,P15,P60",True,restored
Q37846,1,P39,False,unlabeled
Q38010,1,P39,False,unlabeled
Q38014,1,P39,False,unlabeled
Q38018,1,P39,False,unlabeled
Q38022,1,P39,False,unlabeled
Q38026,1,P39,False,unlabeled
Q38030,1,P39,False,unlabeled
Q104708,6,"P39,P42,P5,P11,P15,P60",True,restored
Q104810,5,"P39,P5,P11,P60,P46",True,restored
Q105076,5,"P39,P5,P11,P60,P46",True,restored
Q105184,5,"P39,P5,P11,P60,P46",True,restored
Q105215,7,"P39,P47,P48,P5,P11,P15,P60",True,restored
Q105603,1,P39,False,unlabeled
Q105958,5,"P39,P5,P11,P60,P46",True,restored
Q106193,5,"P39,P5,P11,P60,P46",True,restored
Q106282,11,"P39,P42,P20,P47,P48,P5,P11,P7,P8,P15",True,restored
Q106421,11,"P5,P15,P55,P56,P57,P39,P47,P48,P11,P7",True,restored
Q106589,11,"P5,P15,P55,P56,P57,P39,P42,P20,P11,P7",True,restored
Q106605,8,"P5,P15,P55,P57,P39,P42,P11,P8",True,restored
Q106835,5,"P39,P5,P11,P60,P46",True,restored
Q1070,1,P39,False,unlabeled
Q107310,5,"P39,P5,P11,P60,P46",True,restored
Q107338,5,"P39,P5,P11,P60,P46",True,restored
Q107895,5,"P39,P5,P11,P60,P46",True,restored
Q107897,5,"P39,P5,P11,P60,P46",True,restored
Q107899,5,"P39,P5,P11,P60,P46",True,restored
Q107901,5,"P39,P5,P11,P60,P46",True,restored
Q1081,1,P39,False,unlabeled
Q108256,5,"P39,P5,P11,P60,P46",True,restored
Q54573,1,P39,False,unlabeled
Q54577,1,P39,False,unlabeled
Q54581,1,P39,False,unlabeled
Q54584,1,P39,False,unlabeled
Q54588,1,P39,False,unlabeled
Q54592,1,P39,False,unlabeled
Q54596,1,P39,False,unlabeled
Q5460,1,P39,False,unlabeled
Q54604,1,P39,False,unlabeled
Q54608,1,P39,False,unlabeled
Q54612,1,P39,False,unlabeled
Q54616,1,P39,False,unlabeled
Q54620,1,P39,False,unlabeled
Q54624,1,P39,False,unlabeled
Q54628,1,P39,False,unlabeled
Q54632,1,P39,False,unlabeled
Q54636,1,P39,False,unlabeled
Q54640,1,P39,False,unlabeled
Q54648,1,P39,False,unlabeled
Q54652,1,P39,False,unlabeled
Q54656,1,P39,False,unlabeled
Q54660,1,P39,False,unlabeled
Q54664,1,P39,False,unlabeled
Q54668,1,P39,False,unlabeled
Q54672,1,P39,False,unlabeled
Q54684,1,P39,False,unlabeled
Q54688,1,P39,False,unlabeled
Q54692,1,P39,False,unlabeled
Q54701,1,P39,False,unlabeled
Q54709,1,P39,False,unlabeled
Q54713,1,P39,False,unlabeled
Q54717,1,P39,False,unlabeled
Q54720,1,P39,False,unlabeled
Q54724,1,P39,False,unlabeled
Q54728,1,P39,False,unlabeled
Q54736,1,P39,False,unlabeled
Q54740,1,P39,False,unlabeled
Q54752,1,P39,False,unlabeled
Q54756,1,P39,False,unlabeled
Q54760,1,P39,False,unlabeled
Q54764,1,P39,False,unlabeled
Q54768,1,P39,False,unlabeled
Q54772,1,P39,False,unlabeled
Q54776,1,P39,False,unlabeled
Q54780,1,P39,False,unlabeled
Q54788,1,P39,False,unlabeled
Q54792,1,P39,False,unlabeled
Q54804,1,P39,False,unlabeled
Q54808,1,P39,False,unlabeled
Q54816,1,P39,False,unlabeled
Q5482,1,P39,False,unlabeled
Q54820,1,P39,False,unlabeled
Q54824,1,P39,False,unlabeled
Q54828,1,P39,False,unlabeled
Q54832,1,P39,False,unlabeled
Q54836,1,P39,False,unlabeled
Q54840,1,P39,False,unlabeled
Q54844,1,P39,False,unlabeled
Q54848,1,P39,False,unlabeled
Q54852,1,P39,False,unlabeled
Q54856,1,P39,False,unlabeled
Q54860,1,P39,False,unlabeled
Q54864,1,P39,False,unlabeled
Q54868,1,P39,False,unlabeled
Q54872,1,P39,False,unlabeled
Q54876,1,P39,False,unlabeled
Q54880,1,P39,False,unlabeled
Q54884,1,P39,False,unlabeled
Q54888,1,P39,False,unlabeled
Q54892,1,P39,False,unlabeled
Q54896,1,P39,False,unlabeled
Q54900,1,P39,False,unlabeled
Q54904,1,P39,False,unlabeled
Q54908,1,P39,False,unlabeled
Q54912,1,P39,False,unlabeled
Q54916,1,P39,False,unlabeled
Q54920,1,P39,False,unlabeled
Q54924,1,P39,False,unlabeled
Q54928,1,P39,False,unlabeled
Q54932,1,P39,False,unlabeled
Q54936,1,P39,False,unlabeled
Q54940,1,P39,False,unlabeled
Q54944,1,P39,False,unlabeled
Q54948,1,P39,False,unlabeled
Q54952,1,P39,False,unlabeled
Q54956,1,P39,False,unlabeled
Q54960,1,P39,False,unlabeled
Q54964,1,P39,False,unlabeled
Q54968,1,P39,False,unlabeled
Q54972,1,P39,False,unlabeled
Q54976,1,P39,False,unlabeled
Q54981,1,P39,False,unlabeled
Q54985,1,P39,False,unlabeled
Q54989,1,P39,False,unlabeled
Q54993,1,P39,False,unlabeled
Q54997,1,P39,False,unlabeled
Q55001,1,P39,False,unlabeled
Q55005,1,P39,False,unlabeled
Q55017,1,P39,False,unlabeled
Q55021,1,P39,False,unlabeled
Q55025,1,P39,False,unlabeled
Q55029,1,P39,False,unlabeled
Q55033,1,P39,False,unlabeled
Q55037,1,P39,False,unlabeled
Q55041,1,P39,False,unlabeled
Q55045,1,P39,False,unlabeled
Q55049,1,P39,False,unlabeled
Q55053,1,P39,False,unlabeled
Q55065,1,P39,False,unlabeled
Q55069,1,P39,False,unlabeled
Q55074,1,P39,False,unlabeled
Q55079,1,P39,False,unlabeled
Q55083,1,P39,False,unlabeled
Q55091,1,P39,False,unlabeled
Q55099,1,P39,False,unlabeled
Q55103,1,P39,False,unlabeled
Q55107,1,P39,False,unlabeled
Q55111,1,P39,False,unlabeled
Q55115,1,P39,False,unlabeled
Q55123,1,P39,False,unlabeled
Q55127,1,P39,False,unlabeled
Q55131,1,P39,False,unlabeled
Q55135,1,P39,False,unlabeled
Q55139,1,P39,False,unlabeled
Q55143,1,P39,False,unlabeled
Q55147,1,P39,False,unlabeled
Q55151,1,P39,False,unlabeled
Q55155,1,P39,False,unlabeled
Q55159,1,P39,False,unlabeled
Q55163,1,P39,False,unlabeled
Q55167,1,P39,False,unlabeled
Q55171,1,P39,False,unlabeled
Q55175,1,P39,False,unlabeled
Q55179,1,P39,False,unlabeled
Q55183,1,P39,False,unlabeled
Q55187,1,P39,False,unlabeled
Q55191,1,P39,False,unlabeled
Q55195,1,P39,False,unlabeled
Q55199,1,P39,False,unlabeled
Q55202,1,P39,False,unlabeled
Q55206,1,P39,False,unlabeled
Q55210,1,P39,False,unlabeled
Q55222,1,P39,False,unlabeled
Q55226,1,P39,False,unlabeled
Q55230,1,P39,False,unlabeled
Q55238,1,P39,False,unlabeled
Q55242,1,P39,False,unlabeled
Q55246,1,P39,False,unlabeled
Q55250,1,P39,False,unlabeled
Q55258,1,P39,False,unlabeled
Q55262,1,P39,False,unlabeled
Q55266,1,P39,False,unlabeled
Q55271,1,P39,False,unlabeled
Q55275,1,P39,False,unlabeled
Q55279,1,P39,False,unlabeled
Q55283,1,P39,False,unlabeled
Q55287,1,P39,False,unlabeled
Q55291,1,P39,False,unlabeled
Q55295,1,P39,False,unlabeled
Q55299,1,P39,False,unlabeled
Q55303,1,P39,False,unlabeled
Q55307,1,P39,False,unlabeled
Q55315,1,P39,False,unlabeled
Q55319,1,P39,False,unlabeled
Q55323,1,P39,False,unlabeled
Q55327,1,P39,False,unlabeled
Q55331,1,P39,False,unlabeled
Q55340,1,P39,False,unlabeled
Q55348,1,P39,False,unlabeled
Q55352,1,P39,False,unlabeled
Q55356,1,P39,False,unlabeled
Q55360,1,P39,False,unlabeled
Q55364,1,P39,False,unlabeled
Q55368,1,P39,False,unlabeled
Q55372,1,P39,False,unlabeled
Q55376,1,P39,False,unlabeled
Q55380,1,P39,False,unlabeled
Q55384,1,P39,False,unlabeled
Q55388,1,P39,False,unlabeled
Q55392,1,P39,False,unlabeled
Q55396,1,P39,False,unlabeled
Q55400,1,P39,False,unlabeled
Q55404,1,P39,False,unlabeled
Q55408,1,P39,False,unlabeled
Q55416,1,P39,False,unlabeled
Q55420,1,P39,False,unlabeled
Q55424,1,P39,False,unlabeled
Q55428,1,P39,False,unlabeled
Q55440,1,P39,False,unlabeled
Q55444,1,P39,False,unlabeled
Q55448,1,P39,False,unlabeled
Q55452,1,P39,False,unlabeled
Q55456,1,P39,False,unlabeled
Q55460,1,P39,False,unlabeled
Q55464,1,P39,False,unlabeled
Q55468,1,P39,False,unlabeled
Q55472,1,P39,False,unlabeled
Q55476,1,P39,False,unlabeled
Q55484,1,P39,False,unlabeled
Q55492,1,P39,False,unlabeled
Q55496,1,P39,False,unlabeled
Q55500,1,P39,False,unlabeled
Q55504,1,P39,False,unlabeled
Q55508,1,P39,False,unlabeled
Q55512,1,P39,False,unlabeled
Q55516,1,P39,False,unlabeled
Q55520,1,P39,False,unlabeled
Q55524,1,P39,False,unlabeled
Q55528,1,P39,False,unlabeled
Q55532,1,P39,False,unlabeled
Q55536,1,P39,False,unlabeled
Q55540,1,P39,False,unlabeled
Q55544,1,P39,False,unlabeled
Q55548,1,P39,False,unlabeled
Q55552,1,P39,False,unlabeled
Q55556,1,P39,False,unlabeled
Q55560,1,P39,False,unlabeled
Q55564,1,P39,False,unlabeled
Q55568,1,P39,False,unlabeled
Q55572,1,P39,False,unlabeled
Q55576,1,P39,False,unlabeled
Q55580,1,P39,False,unlabeled
Q55588,1,P39,False,unlabeled
Q55592,1,P39,False,unlabeled
Q55600,1,P39,False,unlabeled
Q55603,1,P39,False,unlabeled
Q55607,1,P39,False,unlabeled
Q55611,1,P39,False,unlabeled
Q55615,1,P39,False,unlabeled
Q55619,1,P39,False,unlabeled
Q55623,1,P39,False,unlabeled
Q55627,1,P39,False,unlabeled
Q55631,1,P39,False,unlabeled
Q55635,1,P39,False,unlabeled
Q55640,1,P39,False,unlabeled
Q55644,1,P39,False,unlabeled
Q55648,1,P39,False,unlabeled
Q55652,1,P39,False,unlabeled
Q55656,1,P39,False,unlabeled
Q55660,1,P39,False,unlabeled
Q55664,1,P39,False,unlabeled
Q55668,1,P39,False,unlabeled
Q55672,1,P39,False,unlabeled
Q55676,1,P39,False,unlabeled
Q55680,1,P39,False,unlabeled
Q55684,1,P39,False,unlabeled
Q55692,1,P39,False,unlabeled
Q55696,1,P39,False,unlabeled
Q55700,1,P39,False,unlabeled
Q55704,1,P39,False,unlabeled
Q55708,1,P39,False,unlabeled
Q55725,1,P39,False,unlabeled
Q55728,1,P39,False,unlabeled
Q55732,1,P39,False,unlabeled
Q55736,1,P39,False,unlabeled
Q55740,1,P39,False,unlabeled
Q55744,1,P39,False,unlabeled
Q55748,1,P39,False,unlabeled
Q55764,1,P39,False,unlabeled
Q55768,1,P39,False,unlabeled
Q55772,1,P39,False,unlabeled
Q55776,1,P39,False,unlabeled
Q55780,1,P39,False,unlabeled
Q55784,1,P39,False,unlabeled
Q55788,1,P39,False,unlabeled
Q55792,1,P39,False,unlabeled
Q55796,1,P39,False,unlabeled
Q55800,1,P39,False,unlabeled
Q55804,1,P39,False,unlabeled
Q55808,1,P39,False,unlabeled
Q55812,1,P39,False,unlabeled
Q55816,1,P39,False,unlabeled
Q55820,1,P39,False,unlabeled
Q55824,1,P39,False,unlabeled
Q55828,1,P39,False,unlabeled
Q55836,1,P39,False,unlabeled
Q55840,1,P39,False,unlabeled
Q55844,1,P39,False,unlabeled
Q55848,1,P39,False,unlabeled
Q55852,1,P39,False,unlabeled
Q55856,1,P39,False,unlabeled
Q55860,1,P39,False,unlabeled
Q55864,1,P39,False,unlabeled
Q55868,1,P39,False,unlabeled
Q55872,1,P39,False,unlabeled
Q55876,1,P39,False,unlabeled
Q55880,1,P39,False,unlabeled
Q55884,1,P39,False,unlabeled
Q55888,1,P39,False,unlabeled
Q55892,1,P39,False,unlabeled
Q55896,1,P39,False,unlabeled
Q55900,1,P39,False,unlabeled
Q55904,1,P39,False,unlabeled
Q55908,1,P39,False,unlabeled
Q55912,1,P39,False,unlabeled
Q55916,1,P39,False,unlabeled
Q55920,1,P39,False,unlabeled
Q55924,1,P39,False,unlabeled
Q55932,1,P39,False,unlabeled
Q55936,1,P39,False,unlabeled
Q55940,1,P39,False,unlabeled
Q55944,1,P39,False,unlabeled
Q55948,1,P39,False,unlabeled
Q55956,1,P39,False,unlabeled
Q55960,1,P39,False,unlabeled
Q55968,1,P39,False,unlabeled
Q55972,1,P39,False,unlabeled
Q55976,1,P39,False,unlabeled
Q55980,1,P39,False,unlabeled
Q55984,1,P39,False,unlabeled
Q55988,1,P39,False,unlabeled
Q55992,1,P39,False,unlabeled
Q55996,1,P39,False,unlabeled
Q56000,1,P39,False,unlabeled
Q56004,1,P39,False,unlabeled
Q56008,1,P39,False,unlabeled
Q56012,1,P39,False,unlabeled
Q56016,1,P39,False,unlabeled
Q56020,1,P39,False,unlabeled
Q56024,1,P39,False,unlabeled
Q56028,1,P39,False,unlabeled
Q56032,1,P39,False,unlabeled
Q56036,1,P39,False,unlabeled
Q56040,1,P39,False,unlabeled
Q56044,1,P39,False,unlabeled
Q56048,1,P39,False,unlabeled
Q56052,1,P39,False,unlabeled
Q56056,1,P39,False,unlabeled
Q56060,1,P39,False,unlabeled
Q56064,1,P39,False,unlabeled
Q56068,1,P39,False,unlabeled
Q56072,1,P39,False,unlabeled
Q56076,1,P39,False,unlabeled
Q56080,1,P39,False,unlabeled
Q56084,1,P39,False,unlabeled
Q56088,1,P39,False,unlabeled
Q56092,1,P39,False,unlabeled
Q56096,1,P39,False,unlabeled
Q56100,1,P39,False,unlabeled
Q56104,1,P39,False,unlabeled
Q56108,1,P39,False,unlabeled
Q56112,1,P39,False,unlabeled
Q56116,1,P39,False,unlabeled
Q56120,1,P39,False,unlabeled
Q56124,1,P39,False,unlabeled
Q56128,1,P39,False,unlabeled
Q56132,1,P39,False,unlabeled
Q56140,1,P39,False,unlabeled
Q56144,1,P39,False,unlabeled
Q56148,1,P39,False,unlabeled
Q56152,1,P39,False,unlabeled
Q56156,1,P39,False,unlabeled
Q56160,1,P39,False,unlabeled
Q56164,1,P39,False,unlabeled
Q56168,1,P39,False,unlabeled
Q56172,1,P39,False,unlabeled
Q56175,1,P39,False,unlabeled
Q56178,1,P39,False,unlabeled
Q56181,1,P39,False,unlabeled
Q56184,1,P39,False,unlabeled
Q56187,1,P39,False,unlabeled
Q56190,1,P39,False,unlabeled
Q56193,1,P39,False,unlabeled
Q56199,1,P39,False,unlabeled
Q56208,1,P39,False,unlabeled
Q56211,1,P39,False,unlabeled
Q56220,1,P39,False,unlabeled
Q56223,1,P39,False,unlabeled
Q56226,1,P39,False,unlabeled
Q56229,1,P39,False,unlabeled
Q56232,1,P39,False,unlabeled
Q56235,1,P39,False,unlabeled
Q56238,1,P39,False,unlabeled
Q56241,1,P39,False,unlabeled
Q56244,1,P39,False,unlabeled
Q56247,1,P39,False,unlabeled
Q56250,1,P39,False,unlabeled
Q56253,1,P39,False,unlabeled
Q56256,1,P39,False,unlabeled
Q56259,1,P39,False,unlabeled
Q56262,1,P39,False,unlabeled
Q56265,1,P39,False,unlabeled
Q56268,1,P39,False,unlabeled
Q56274,1,P39,False,unlabeled
Q56277,1,P39,False,unlabeled
Q56280,1,P39,False,unlabeled
Q56283,1,P39,False,unlabeled
Q56286,1,P39,False,unlabeled
Q56289,1,P39,False,unlabeled
Q56292,1,P39,False,unlabeled
Q56295,1,P39,False,unlabeled
Q56298,1,P39,False,unlabeled
Q56301,1,P39,False,unlabeled
Q56304,1,P39,False,unlabeled
Q56307,1,P39,False,unlabeled
Q56309,1,P39,False,unlabeled
Q5631,1,P39,False,unlabeled
Q56312,1,P39,False,unlabeled
Q56315,1,P39,False,unlabeled
Q56318,1,P39,False,unlabeled
Q56321,1,P39,False,unlabeled
Q56324,1,P39,False,unlabeled
Q56327,1,P39,False,unlabeled
Q56330,1,P39,False,unlabeled
Q56333,1,P39,False,unlabeled
Q56336,1,P39,False,unlabeled
Q56339,1,P39,False,unlabeled
Q56342,1,P39,False,unlabeled
Q56345,1,P39,False,unlabeled
Q56348,1,P39,False,unlabeled
Q56351,1,P39,False,unlabeled
Q56354,1,P39,False,unlabeled
Q56357,1,P39,False,unlabeled
Q56360,1,P39,False,unlabeled
Q56363,1,P39,False,unlabeled
Q56366,1,P39,False,unlabeled
Q56369,1,P39,False,unlabeled
Q56372,1,P39,False,unlabeled
Q56375,1,P39,False,unlabeled
Q56378,1,P39,False,unlabeled
Q56381,1,P39,False,unlabeled
Q56384,1,P39,False,unlabeled
Q56387,1,P39,False,unlabeled
Q56390,1,P39,False,unlabeled
Q56393,1,P39,False,unlabeled
Q56396,1,P39,False,unlabeled
Q56399,1,P39,False,unlabeled
Q56402,1,P39,False,unlabeled
Q56405,1,P39,False,unlabeled
Q56408,1,P39,False,unlabeled
Q56411,1,P39,False,unlabeled
Q56414,1,P39,False,unlabeled
Q56417,1,P39,False,unlabeled
Q56420,1,P39,False,unlabeled
Q56423,1,P39,False,unlabeled
Q56426,1,P39,False,unlabeled
Q56429,1,P39,False,unlabeled
Q56432,1,P39,False,unlabeled
Q56435,1,P39,False,unlabeled
Q56438,1,P39,False,unlabeled
Q56441,1,P39,False,unlabeled
Q56444,1,P39,False,unlabeled
Q56447,1,P39,False,unlabeled
Q56450,1,P39,False,unlabeled
Q56453,1,P39,False,unlabeled
Q56462,1,P39,False,unlabeled
Q56465,1,P39,False,unlabeled
Q56468,1,P39,False,unlabeled
Q56486,1,P39,False,unlabeled
Q56519,1,P39,False,unlabeled
Q56543,5,"P39,P5,P11,P60,P46",True,restored
Q56585,1,P39,False,unlabeled
Q56618,1,P39,False,unlabeled
Q56684,1,P39,False,unlabeled
Q56717,1,P39,False,unlabeled
Q56750,1,P39,False,unlabeled
Q56817,1,P39,False,unlabeled
Q56883,1,P39,False,unlabeled
Q56949,1,P39,False,unlabeled
Q56982,1,P39,False,unlabeled
Q57015,1,P39,False,unlabeled
Q57049,1,P39,False,unlabeled
Q57082,1,P39,False,unlabeled
Q57115,1,P39,False,unlabeled
Q57148,1,P39,False,unlabeled
Q57211,1,P39,False,unlabeled
Q57244,1,P39,False,unlabeled
Q57276,1,P39,False,unlabeled
Q57306,1,P39,False,unlabeled
Q57339,1,P39,False,unlabeled
Q57372,1,P39,False,unlabeled
Q57741,1,P39,False,unlabeled
Q57916,5,"P39,P5,P11,P60,P46",True,restored
Q58018,7,"P47,P48,P39,P5,P11,P60,P46",True,restored
Q5803,1,P39,False,unlabeled
Q58873,1,P39,False,unlabeled
Q58906,1,P39,False,unlabeled
Q5894,1,P39,False,unlabeled
Q58996,1,P39,False,unlabeled
Q58999,1,P39,False,unlabeled
Q59005,1,P39,False,unlabeled
Q59038,1,P39,False,unlabeled
Q59071,1,P39,False,unlabeled
Q59098,1,P39,False,unlabeled
Q59128,1,P39,False,unlabeled
Q59131,1,P39,False,unlabeled
Q5915,1,P39,False,unlabeled
Q59164,1,P39,False,unlabeled
Q59198,1,P39,False,unlabeled
Q59231,1,P39,False,unlabeled
Q59247,1,P39,False,unlabeled
Q5926,1,P39,False,unlabeled
Q59277,1,P39,False,unlabeled
Q59310,1,P39,False,unlabeled
Q59342,1,P39,False,unlabeled
Q59374,1,P39,False,unlabeled
Q59407,1,P39,False,unlabeled
Q59440,1,P39,False,unlabeled
Q59473,1,P39,False,unlabeled
Q59506,1,P39,False,unlabeled
Q59539,1,P39,False,unlabeled
Q5957,1,P39,False,unlabeled
Q59572,1,P39,False,unlabeled
Q59605,1,P39,False,unlabeled
Q59638,1,P39,False,unlabeled
Q59672,1,P39,False,unlabeled
Q5968,1,P39,False,unlabeled
Q59683,5,"P39,P5,P11,P60,P46",True,restored
Q59717,5,"P39,P5,P11,P60,P46",True,restored
Q59720,5,"P39,P5,P11,P60,P46",True,restored
Q59869,9,"P39,P42,P20,P47,P48,P5,P11,P15,P60",True,restored
Q59902,8,"P39,P42,P20,P47,P5,P11,P15,P60",True,restored
Q5999,1,P39,False,unlabeled
Q60071,1,P39,False,unlabeled
Q60195,1,P39,False,unlabeled
Q6020,1,P39,False,unlabeled
Q60201,1,P39,False,unlabeled
Q60204,1,P39,False,unlabeled
Q60207,1,P39,False,unlabeled
Q60210,1,P39,False,unlabeled
Q60213,1,P39,False,unlabeled
Q60216,1,P39,False,unlabeled
Q60219,1,P39,False,unlabeled
Q6022,1,P39,False,unlabeled
Q60225,1,P39,False,unlabeled
Q60228,1,P39,False,unlabeled
Q60231,1,P39,False,unlabeled
Q60234,1,P39,False,unlabeled
Q60243,1,P39,False,unlabeled
Q60252,1,P39,False,unlabeled
Q60266,1,P39,False,unlabeled
Q60269,1,P39,False,unlabeled
Q60275,1,P39,False,unlabeled
Q60281,1,P39,False,unlabeled
Q60300,1,P39,False,unlabeled
Q60321,1,P39,False,unlabeled
Q60326,7,"P39,P42,P20,P5,P11,P15,P60",True,restored
Q60330,1,P39,False,unlabeled
Q60333,1,P39,False,unlabeled
Q60351,1,P39,False,unlabeled
Q60369,1,P39,False,unlabeled
Q60372,1,P39,False,unlabeled
Q60375,1,P39,False,unlabeled
Q60378,1,P39,False,unlabeled
Q60381,1,P39,False,unlabeled
Q60384,1,P39,False,unlabeled
Q60387,1,P39,False,unlabeled
Q60390,1,P39,False,unlabeled
Q60405,1,P39,False,unlabeled
Q6041,1,P39,False,unlabeled
Q60435,1,P39,False,unlabeled
Q60438,1,P39,False,unlabeled
Q60441,1,P39,False,unlabeled
Q60447,1,P39,False,unlabeled
Q60462,1,P39,False,unlabeled
Q60471,1,P39,False,unlabeled
Q60480,1,P39,False,unlabeled
Q60486,1,P39,False,unlabeled
Q60492,1,P39,False,unlabeled
Q60495,1,P39,False,unlabeled
Q60501,1,P39,False,unlabeled
Q60504,1,P39,False,unlabeled
Q60507,1,P39,False,unlabeled
Q60513,1,P39,False,unlabeled
Q60519,1,P39,False,unlabeled
Q60525,1,P39,False,unlabeled
Q60528,1,P39,False,unlabeled
Q60531,1,P39,False,unlabeled
Q60537,1,P39,False,unlabeled
Q60546,1,P39,False,unlabeled
Q60549,1,P39,False,unlabeled
Q60552,1,P39,False,unlabeled
Q60555,1,P39,False,unlabeled
Q60558,1,P39,False,unlabeled
Q60561,1,P39,False,unlabeled
Q60570,1,P39,False,unlabeled
Q60573,1,P39,False,unlabeled
Q60579,1,P39,False,unlabeled
Q60582,1,P39,False,unlabeled
Q60585,1,P39,False,unlabeled
Q60588,1,P39,False,unlabeled
Q60597,1,P39,False,unlabeled
Q60600,1,P39,False,unlabeled
Q60612,1,P39,False,unlabeled
Q60615,1,P39,False,unlabeled
Q60618,1,P39,False,unlabeled
Q6062,1,P39,False,unlabeled
Q60621,1,P39,False,unlabeled
Q60624,1,P39,False,unlabeled
Q60627,1,P39,False,unlabeled
Q60630,1,P39,False,unlabeled
Q60633,1,P39,False,unlabeled
Q60636,1,P39,False,unlabeled
Q60642,1,P39,False,unlabeled
Q60645,1,P39,False,unlabeled
Q60651,1,P39,False,unlabeled
Q60654,5,"P39,P5,P11,P60,P46",True,restored
Q60657,1,P39,False,unlabeled
Q60663,1,P39,False,unlabeled
Q60675,1,P39,False,unlabeled
Q60678,1,P39,False,unlabeled
Q60684,1,P39,False,unlabeled
Q60702,5,"P39,P5,P11,P60,P46",True,restored
Q60720,1,P39,False,unlabeled
Q60723,1,P39,False,unlabeled
Q60726,1,P39,False,unlabeled
Q60729,1,P39,False,unlabeled
Q60732,1,P39,False,unlabeled
Q60735,1,P39,False,unlabeled
Q60738,1,P39,False,unlabeled
Q60741,1,P39,False,unlabeled
Q60747,1,P39,False,unlabeled
Q60750,1,P39,False,unlabeled
Q60753,1,P39,False,unlabeled
Q60756,1,P39,False,unlabeled
Q60762,1,P39,False,unlabeled
Q60765,1,P39,False,unlabeled
Q60768,1,P39,False,unlabeled
Q60774,1,P39,False,unlabeled
Q60780,1,P39,False,unlabeled
Q60783,1,P39,False,unlabeled
Q60786,1,P39,False,unlabeled
Q60789,1,P39,False,unlabeled
Q60792,1,P39,False,unlabeled
Q60795,1,P39,False,unlabeled
Q60798,1,P39,False,unlabeled
Q60801,1,P39,False,unlabeled
Q60804,1,P39,False,unlabeled
Q60810,1,P39,False,unlabeled
Q60813,1,P39,False,unlabeled
Q6083,1,P39,False,unlabeled
Q60834,1,P39,False,unlabeled
Q60837,1,P39,False,unlabeled
Q60840,1,P39,False,unlabeled
Q60843,1,P39,False,unlabeled
Q60849,1,P39,False,unlabeled
Q60852,1,P39,False,unlabeled
Q60858,1,P39,False,unlabeled
Q60861,1,P39,False,unlabeled
Q60864,1,P39,False,unlabeled
Q60867,1,P39,False,unlabeled
Q60870,1,P39,False,unlabeled
Q60876,1,P39,False,unlabeled
Q60879,1,P39,False,unlabeled
Q60888,1,P39,False,unlabeled
Q60894,1,P39,False,unlabeled
Q60897,1,P39,False,unlabeled
Q60900,1,P39,False,unlabeled
Q60904,1,P39,False,unlabeled
Q60907,1,P39,False,unlabeled
Q60910,1,P39,False,unlabeled
Q60916,1,P39,False,unlabeled
Q60928,1,P39,False,unlabeled
Q60931,1,P39,False,unlabeled
Q60934,1,P39,False,unlabeled
Q60937,1,P39,False,unlabeled
Q60946,1,P39,False,unlabeled
Q60949,1,P39,False,unlabeled
Q60952,1,P39,False,unlabeled
Q60958,1,P39,False,unlabeled
Q60961,1,P39,False,unlabeled
Q60985,1,P39,False,unlabeled
Q60994,1,P39,False,unlabeled
Q61000,1,P39,False,unlabeled
Q61012,1,P39,False,unlabeled
Q61015,1,P39,False,unlabeled
Q61018,1,P39,False,unlabeled
Q61021,1,P39,False,unlabeled
Q61039,1,P39,False,unlabeled
Q61042,1,P39,False,unlabeled
Q61045,1,P39,False,unlabeled
Q61054,1,P39,False,unlabeled
Q61093,1,P39,False,unlabeled
Q61096,1,P39,False,unlabeled
Q61123,1,P39,False,unlabeled
Q61126,1,P39,False,unlabeled
Q61129,1,P39,False,unlabeled
Q61132,1,P39,False,unlabeled
Q61135,1,P39,False,unlabeled
Q61141,1,P39,False,unlabeled
Q61189,1,P39,False,unlabeled
Q61294,1,P39,False,unlabeled
Q61297,1,P39,False,unlabeled
Q61309,1,P39,False,unlabeled
Q61393,1,P39,False,unlabeled
Q6144,1,P39,False,unlabeled
Q6155,1,P39,False,unlabeled
Q61552,1,P39,False,unlabeled
Q6176,1,P39,False,unlabeled
Q6207,1,P39,False,unlabeled
Q6217,1,P39,False,unlabeled
Q6238,1,P39,False,unlabeled
Q62518,7,"P39,P42,P20,P5,P11,P15,P60",True,restored
Q62674,7,"P39,P42,P20,P5,P11,P15,P60",True,restored
Q6269,1,P39,False,unlabeled
Q62693,1,P39,False,unlabeled
Q62731,8,"P39,P47,P48,P20,P5,P11,P15,P60",True,restored
Q62759,1,P39,False,unlabeled
Q6280,1,P39,False,unlabeled
Q62872,6,"P39,P47,P5,P11,P15,P60",True,restored
Q6311,1,P39,False,unlabeled
Q6332,1,P39,False,unlabeled
Q6343,1,P39,False,unlabeled
Q6354,1,P39,False,unlabeled
Q68273,5,"P39,P5,P11,P60,P46",True,restored
Q68321,5,"P39,P5,P11,P60,P46",True,restored
Q68326,7,"P39,P47,P20,P5,P11,P15,P60",True,restored
Q68387,5,"P39,P5,P11,P60,P46",True,restored
Q68449,6,"P39,P47,P5,P11,P15,P60",True,restored
Q68450,5,"P39,P5,P11,P60,P46",True,restored
Q68458,6,"P39,P48,P5,P11,P15,P60",True,restored
Q68464,6,"P39,P47,P5,P11,P15,P60",True,restored
Q68507,5,"P39,P5,P11,P60,P46",True,restored
Q68555,5,"P39,P5,P11,P60,P46",True,restored
Q68566,6,"P39,P47,P5,P11,P15,P60",True,restored
Q68594,5,"P39,P5,P11,P60,P46",True,restored
Q68614,6,"P39,P47,P5,P11,P15,P60",True,restored
Q68618,7,"P20,P42,P39,P5,P11,P60,P46",True,restored
Q68636,7,"P42,P20,P39,P5,P11,P60,P46",True,restored
Q68928,7,"P42,P20,P39,P5,P11,P60,P46",True,restored
Q68931,7,"P42,P20,P39,P5,P11,P60,P46",True,restored
Q69089,6,"P39,P47,P5,P11,P15,P60",True,restored
Q69226,6,"P20,P39,P5,P11,P60,P46",True,restored
Q69299,7,"P39,P42,P20,P5,P11,P15,P60",True,restored
Q69304,5,"P39,P5,P11,P60,P46",True,restored
Q69355,5,"P39,P5,P11,P60,P46",True,restored
Q69361,5,"P39,P5,P11,P60,P46",True,restored
Q69409,5,"P39,P5,P11,P60,P46",True,restored
Q69445,7,"P42,P20,P39,P5,P11,P60,P46",True,restored
Q69484,7,"P42,P20,P39,P5,P11,P60,P46",True,restored
Q69569,6,"P20,P39,P5,P11,P60,P46",True,restored
Q69572,6,"P20,P39,P5,P11,P60,P46",True,restored
Q69623,6,"P47,P39,P5,P11,P60,P46",True,restored
Q69626,6,"P48,P39,P5,P11,P60,P46",True,restored
Q69665,8,"P20,P47,P48,P39,P5,P11,P60,P46",True,restored
Q69692,7,"P42,P20,P39,P5,P11,P60,P46",True,restored
Q69748,6,"P39,P47,P5,P11,P15,P60",True,restored
Q70136,7,"P42,P20,P39,P5,P11,P60,P46",True,restored
Q70154,7,"P42,P20,P39,P5,P11,P60,P46",True,restored
Q70194,7,"P42,P20,P39,P5,P11,P60,P46",True,restored
Q70508,7,"P39,P42,P20,P5,P11,P15,P60",True,restored
Q70509,7,"P42,P20,P39,P5,P11,P60,P46",True,restored
Q71134,7,"P39,P48,P42,P5,P11,P15,P60",True,restored
Q71317,6,"P39,P47,P5,P11,P15,P60",True,restored
Q72281,11,"P39,P42,P20,P47,P48,P5,P11,P8,P7,P15",True,restored
Q63937,1,P39,False,unlabeled
Q63940,1,P39,False,unlabeled
Q63946,1,P39,False,unlabeled
Q63949,1,P39,False,unlabeled
Q63955,1,P39,False,unlabeled
Q63976,1,P39,False,unlabeled
Q63979,1,P39,False,unlabeled
Q63985,1,P39,False,unlabeled
Q63991,1,P39,False,unlabeled
Q63994,1,P39,False,unlabeled
Q64034,1,P39,False,unlabeled
Q64060,1,P39,False,unlabeled
Q64078,1,P39,False,unlabeled
Q64081,1,P39,False,unlabeled
Q64090,1,P39,False,unlabeled
Q64100,1,P39,False,unlabeled
Q64103,1,P39,False,unlabeled
Q64151,1,P39,False,unlabeled
Q64157,1,P39,False,unlabeled
Q64182,1,P39,False,unlabeled
Q64206,1,P39,False,unlabeled
Q64269,1,P39,False,unlabeled
Q64272,1,P39,False,unlabeled
Q64293,1,P39,False,unlabeled
Q64368,1,P39,False,unlabeled
Q64371,1,P39,False,unlabeled
Q64374,1,P39,False,unlabeled
Q64631,1,P39,False,unlabeled
Q64664,1,P39,False,unlabeled
Q65009,1,P39,False,unlabeled
Q65094,1,P39,False,unlabeled
Q65132,6,"P39,P47,P5,P11,P15,P60",True,restored
Q65267,6,"P39,P47,P5,P11,P15,P60",True,restored
Q65270,7,"P39,P47,P20,P5,P11,P15,P60",True,restored
Q65273,7,"P39,P47,P20,P5,P11,P15,P60",True,restored
Q65763,6,"P39,P47,P5,P11,P15,P60",True,restored
Q65766,6,"P39,P47,P5,P11,P15,P60",True,restored
Q65772,6,"P39,P47,P5,P11,P15,P60",True,restored
Q65775,6,"P39,P47,P5,P11,P15,P60",True,restored
Q65778,6,"P39,P47,P5,P11,P15,P60",True,restored
Q66167,7,"P39,P47,P20,P5,P11,P15,P60",True,restored
Q66170,6,"P39,P47,P5,P11,P15,P60",True,restored
Q66305,6,"P39,P47,P5,P11,P15,P60",True,restored
Q66611,6,"P39,P47,P5,P11,P15,P60",True,restored
Q66616,5,"P39,P5,P11,P60,P46",True,restored
Q66617,6,"P39,P47,P5,P11,P15,P60",True,restored
Q66626,6,"P39,P47,P5,P11,P15,P60",True,restored
Q67037,7,"P39,P48,P20,P5,P11,P15,P60",True,restored
Q67043,7,"P39,P47,P20,P5,P11,P15,P60",True,restored
Q67126,5,"P39,P5,P11,P60,P46",True,restored
Q67135,5,"P39,P5,P11,P60,P46",True,restored
Q67139,7,"P39,P47,P20,P5,P11,P15,P60",True,restored
Q67175,6,"P39,P47,P5,P11,P15,P60",True,restored
Q67908,7,"P42,P20,P39,P5,P11,P60,P46",True,restored
Q67951,6,"P20,P39,P5,P11,P60,P46",True,restored
Q67993,5,"P39,P5,P11,P60,P46",True,restored
Q68015,7,"P42,P20,P39,P5,P11,P60,P46",True,restored
Q68031,6,"P39,P47,P5,P11,P15,P60",True,restored
Q68037,6,"P39,P47,P5,P11,P15,P60",True,restored
Q68055,6,"P39,P47,P5,P11,P15,P60",True,restored
Q72717,7,"P39,P42,P20,P5,P11,P15,P60",True,restored
Q72879,9,"P39,P42,P20,P47,P5,P11,P7,P15,P60",True,restored
Q73122,7,"P39,P42,P20,P5,P11,P15,P60",True,restored
Q73290,7,"P39,P42,P20,P5,P11,P15,P60",True,restored
Q73350,7,"P39,P20,P5,P11,P7,P15,P60",True,restored
Q73761,10,"P39,P20,P47,P48,P5,P11,P8,P7,P15,P60",True,restored
Q74003,7,"P39,P42,P20,P5,P11,P15,P60",True,restored
Q74043,7,"P39,P42,P20,P5,P11,P15,P60",True,restored
Q74237,7,"P39,P42,P20,P5,P11,P15,P60",True,restored
Q74491,7,"P39,P42,P20,P5,P11,P15,P60",True,restored
Q74512,8,"P39,P20,P47,P48,P5,P11,P15,P60",True,restored
Q74536,7,"P39,P42,P20,P5,P11,P15,P60",True,restored
Q74539,7,"P39,P42,P20,P5,P11,P15,P60",True,restored
Q74554,7,"P39,P42,P20,P5,P11,P15,P60",True,restored
Q74563,9,"P39,P42,P20,P47,P48,P5,P11,P15,P60",True,restored
Q74632,7,"P39,P42,P20,P5,P11,P15,P60",True,restored
Q74638,7,"P39,P42,P20,P5,P11,P15,P60",True,restored
Q74852,7,"P39,P42,P20,P5,P11,P15,P60",True,restored
Q75865,8,"P39,P42,P20,P47,P5,P11,P15,P60",True,restored
Q76018,7,"P39,P42,P20,P5,P11,P15,P60",True,restored
Q76349,7,"P39,P42,P20,P5,P11,P15,P60",True,restored
Q76568,7,"P39,P42,P20,P5,P11,P15,P60",True,restored
Q76684,7,"P39,P42,P20,P5,P11,P15,P60",True,restored
Q76708,7,"P39,P42,P20,P5,P11,P15,P60",True,restored
Q76912,7,"P39,P42,P20,P5,P11,P15,P60",True,restored
Q76921,7,"P39,P42,P20,P5,P11,P15,P60",True,restored
Q82345,6,"P47,P39,P5,P11,P60,P46",True,restored
Q82435,6,"P47,P39,P5,P11,P60,P46",True,restored
Q82437,6,"P47,P39,P5,P11,P60,P46",True,restored
Q82439,6,"P47,P39,P5,P11,P60,P46",True,restored
Q82726,1,P39,False,unlabeled
Q82772,6,"P47,P39,P5,P11,P60,P46",True,restored
Q82775,6,"P47,P39,P5,P11,P60,P46",True,restored
Q82783,6,"P47,P39,P5,P11,P60,P46",True,restored
Q82785,6,"P47,P39,P5,P11,P60,P46",True,restored
Q82787,6,"P47,P39,P5,P11,P60,P46",True,restored
Q83047,5,"P39,P5,P11,P60,P46",True,restored
Q83049,5,"P39,P5,P11,P60,P46",True,restored
Q83139,5,"P39,P5,P11,P60,P46",True,restored
Q83342,5,"P39,P5,P11,P60,P46",True,restored
Q83346,5,"P39,P5,P11,P60,P46",True,restored
Q83352,5,"P39,P5,P11,P60,P46",True,restored
Q83371,6,"P39,P48,P5,P11,P15,P60",True,restored
Q83540,1,P39,False,unlabeled
Q83628,5,"P39,P5,P11,P60,P46",True,restored
Q83632,5,"P39,P5,P11,P60,P46",True,restored
Q83696,5,"P39,P5,P11,P60,P46",True,restored
Q83720,5,"P39,P5,P11,P60,P46",True,restored
Q84290,5,"P39,P5,P11,P60,P46",True,restored
Q84294,5,"P39,P5,P11,P60,P46",True,restored
Q84306,5,"P39,P5,P11,P60,P46",True,restored
Q84486,5,"P39,P5,P11,P60,P46",True,restored
Q84568,5,"P39,P5,P11,P60,P46",True,restored
Q84574,5,"P39,P5,P11,P60,P46",True,restored
Q84578,5,"P39,P5,P11,P60,P46",True,restored
Q84646,5,"P39,P5,P11,P60,P46",True,restored
Q84678,5,"P39,P5,P11,P60,P46",True,restored
Q84993,5,"P39,P5,P11,P60,P46",True,restored
Q85133,5,"P39,P5,P11,P60,P46",True,restored
Q85232,7,"P39,P42,P20,P5,P11,P15,P60",True,restored
Q85334,7,"P39,P42,P20,P5,P11,P15,P60",True,restored
Q85433,5,"P39,P5,P11,P60,P46",True,restored
Q85594,7,"P39,P42,P20,P5,P11,P15,P60",True,restored
Q85764,7,"P39,P42,P20,P5,P11,P15,P60",True,restored
Q85782,7,"P39,P42,P20,P5,P11,P15,P60",True,restored
Q85828,7,"P39,P42,P20,P5,P11,P15,P60",True,restored
Q85940,5,"P39,P5,P11,P60,P46",True,restored
Q85995,7,"P39,P47,P48,P5,P11,P15,P60",True,restored
Q77137,7,"P39,P42,P20,P5,P11,P15,P60",True,restored
Q77146,7,"P39,P42,P20,P5,P11,P15,P60",True,restored
Q77362,7,"P39,P42,P20,P5,P11,P15,P60",True,restored
Q77418,9,"P42,P20,P47,P48,P39,P5,P11,P60,P46",True,restored
Q77451,8,"P42,P20,P47,P39,P5,P11,P60,P46",True,restored
Q77587,7,"P39,P42,P20,P5,P11,P15,P60",True,restored
Q77797,7,"P39,P42,P20,P5,P11,P15,P60",True,restored
Q77879,7,"P42,P20,P39,P5,P11,P60,P46",True,restored
Q77967,7,"P39,P42,P20,P5,P11,P15,P60",True,restored
Q77979,7,"P39,P42,P20,P5,P11,P15,P60",True,restored
Q77985,7,"P39,P42,P20,P5,P11,P15,P60",True,restored
Q77997,7,"P39,P42,P20,P5,P11,P15,P60",True,restored
Q78141,7,"P39,P42,P20,P5,P11,P15,P60",True,restored
Q78276,7,"P39,P42,P20,P5,P11,P15,P60",True,restored
Q78282,7,"P39,P42,P20,P5,P11,P15,P60",True,restored
Q78294,7,"P39,P42,P20,P5,P11,P15,P60",True,restored
Q78300,7,"P39,P42,P20,P5,P11,P15,P60",True,restored
Q78429,7,"P39,P42,P20,P5,P11,P15,P60",True,restored
Q78444,7,"P39,P42,P20,P5,P11,P15,P60",True,restored
Q78938,7,"P39,P42,P20,P5,P11,P15,P60",True,restored
Q78965,7,"P39,P42,P20,P5,P11,P15,P60",True,restored
Q78986,7,"P39,P42,P20,P5,P11,P15,P60",True,restored
Q78995,7,"P39,P42,P20,P5,P11,P15,P60",True,restored
Q80067,7,"P42,P20,P39,P5,P11,P60,P46",True,restored
Q80222,7,"P42,P20,P39,P5,P11,P60,P46",True,restored
Q80279,8,"P47,P48,P20,P39,P5,P11,P60,P46",True,restored
Q80421,6,"P47,P39,P5,P11,P60,P46",True,restored
Q90626,7,"P39,P42,P20,P5,P11,P15,P60",True,restored
Q90630,7,"P39,P42,P20,P5,P11,P15,P60",True,restored
Q90634,7,"P39,P42,P20,P5,P11,P15,P60",True,restored
Q90638,7,"P39,P42,P20,P5,P11,P15,P60",True,restored
Q90642,7,"P39,P42,P20,P5,P11,P15,P60",True,restored
Q90646,7,"P39,P42,P20,P5,P11,P15,P60",True,restored
Q90650,7,"P39,P42,P20,P5,P11,P15,P60",True,restored
Q90654,7,"P39,P42,P20,P5,P11,P15,P60",True,restored
Q90658,7,"P39,P42,P20,P5,P11,P15,P60",True,restored
Q90662,7,"P39,P42,P20,P5,P11,P15,P60",True,restored
Q90663,5,"P39,P5,P11,P15,P60",True,restored
Q90666,7,"P39,P42,P20,P5,P11,P15,P60",True,restored
Q90670,7,"P39,P42,P20,P5,P11,P15,P60",True,restored
Q90710,8,"P39,P42,P20,P47,P5,P11,P15,P60",True,restored
Q90725,7,"P39,P42,P20,P5,P11,P15,P60",True,restored
Q90749,7,"P39,P42,P20,P5,P11,P15,P60",True,restored
Q90801,7,"P39,P42,P20,P5,P11,P15,P60",True,restored
Q90804,5,"P39,P5,P11,P15,P60",True,restored
Q90917,5,"P39,P5,P11,P15,P60",True,restored
Q90925,5,"P39,P5,P11,P15,P60",True,restored
Q90929,5,"P39,P5,P11,P15,P60",True,restored
Q90937,5,"P39,P5,P11,P15,P60",True,restored
Q91033,5,"P39,P5,P11,P15,P60",True,restored
Q91123,5,"P39,P5,P11,P15,P60",True,restored
Q91127,5,"P39,P5,P11,P15,P60",True,restored
Q91135,5,"P39,P5,P11,P15,P60",True,restored
Q91139,5,"P39,P5,P11,P15,P60",True,restored
Q91225,5,"P39,P5,P11,P15,P60",True,restored
Q91235,5,"P39,P5,P11,P15,P60",True,restored
Q91286,7,"P39,P42,P20,P5,P11,P15,P60",True,restored
Q91350,7,"P39,P42,P20,P5,P11,P15,P60",True,restored
Q91442,6,"P39,P42,P5,P11,P15,P60",True,restored
Q91563,5,"P39,P5,P11,P15,P60",True,restored
Q91581,5,"P39,P5,P11,P15,P60",True,restored
Q91595,5,"P39,P5,P11,P15,P60",True,restored
Q91601,5,"P39,P5,P11,P15,P60",True,restored
Q91719,7,"P39,P42,P20,P5,P11,P15,P60",True,restored
Q91767,8,"P39,P47,P48,P20,P5,P11,P15,P60",True,restored
Q92276,8,"P39,P42,P20,P5,P11,P8,P15,P60",True,restored
Q92726,7,"P39,P42,P20,P5,P11,P15,P60",True,restored
Q92748,7,"P39,P42,P20,P5,P11,P15,P60",True,restored
Q92750,8,"P39,P47,P48,P20,P5,P11,P15,P60",True,restored
Q93144,6,"P39,P42,P5,P11,P15,P60",True,restored
Q93411,6,"P39,P47,P5,P11,P15,P60",True,restored
Q93518,7,"P39,P42,P20,P5,P11,P15,P60",True,restored
Q93937,1,P39,False,unlabeled
Q94293,7,"P39,P42,P20,P5,P11,P15,P60",True,restored
Q94531,7,"P39,P47,P48,P5,P11,P15,P60",True,restored
Q95060,5,"P39,P5,P11,P60,P46",True,restored
Q99787,9,"P39,P42,P20,P5,P11,P7,P8,P15,P60",True,restored
Q99802,6,"P39,P5,P11,P7,P60,P46",True,restored
Q99918,5,"P39,P5,P11,P60,P46",True,restored
Q99920,5,"P39,P5,P11,P60,P46",True,restored
Q86271,7,"P39,P42,P20,P5,P11,P15,P60",True,restored
Q86358,5,"P39,P5,P11,P60,P46",True,restored
Q86413,7,"P39,P42,P20,P5,P11,P15,P60",True,restored
Q86417,7,"P39,P42,P20,P5,P11,P15,P60",True,restored
Q86421,7,"P39,P42,P20,P5,P11,P15,P60",True,restored
Q86480,5,"P39,P5,P11,P60,P46",True,restored
Q86579,7,"P39,P42,P20,P5,P11,P15,P60",True,restored
Q86593,7,"P39,P42,P20,P5,P11,P15,P60",True,restored
Q86794,7,"P39,P42,P20,P5,P11,P15,P60",True,restored
Q86800,7,"P39,P42,P20,P5,P11,P15,P60",True,restored
Q87124,9,"P42,P20,P39,P5,P11,P8,P7,P60,P46",True,restored
Q87177,7,"P39,P42,P20,P5,P11,P15,P60",True,restored
Q87187,7,"P39,P42,P20,P5,P11,P15,P60",True,restored
Q87207,7,"P39,P42,P20,P5,P11,P15,P60",True,restored
Q87358,7,"P39,P42,P20,P5,P11,P15,P60",True,restored
Q87415,5,"P39,P5,P11,P60,P46",True,restored
Q87524,6,"P39,P5,P11,P7,P60,P46",True,restored
Q87686,5,"P39,P5,P11,P60,P46",True,restored
Q87693,7,"P39,P42,P20,P5,P11,P15,P60",True,restored
Q87798,5,"P39,P5,P11,P60,P46",True,restored
Q87839,6,"P39,P5,P11,P7,P60,P46",True,restored
Q88113,7,"P39,P5,P11,P8,P7,P60,P46",True,restored
Q88118,10,"P39,P47,P48,P42,P20,P5,P11,P7,P15,P60",True,restored
Q88234,7,"P39,P47,P48,P5,P11,P15,P60",True,restored
Q88236,7,"P39,P47,P48,P5,P11,P15,P60",True,restored
Q88275,5,"P39,P5,P11,P60,P46",True,restored
Q88301,5,"P39,P5,P11,P60,P46",True,restored
Q88431,5,"P39,P5,P11,P60,P46",True,restored
Q88506,11,"P39,P47,P48,P42,P20,P5,P11,P7,P8,P15",True,restored
Q88601,5,"P39,P5,P11,P60,P46",True,restored
Q88615,5,"P39,P5,P11,P60,P46",True,restored
Q88631,5,"P39,P5,P11,P60,P46",True,restored
Q88633,5,"P39,P5,P11,P60,P46",True,restored
Q88643,5,"P39,P5,P11,P60,P46",True,restored
Q88649,5,"P39,P5,P11,P60,P46",True,restored
Q88666,11,"P39,P47,P48,P42,P20,P5,P11,P7,P8,P15",True,restored
Q88695,5,"P39,P5,P11,P60,P46",True,restored
Q88700,5,"P39,P5,P11,P60,P46",True,restored
Q88842,5,"P39,P5,P11,P60,P46",True,restored
Q89026,1,P39,False,unlabeled
Q89043,7,"P39,P47,P20,P5,P11,P15,P60",True,restored
Q89517,5,"P39,P5,P11,P15,P60",True,restored
Q89619,5,"P39,P5,P11,P15,P60",True,restored
Q89838,5,"P39,P5,P11,P15,P60",True,restored
Q89984,5,"P39,P5,P11,P15,P60",True,restored
Q89997,7,"P39,P47,P20,P5,P11,P15,P60",True,restored
Q90062,5,"P39,P5,P11,P15,P60",True,restored
Q90078,5,"P39,P5,P11,P15,P60",True,restored
Q90214,5,"P39,P5,P11,P15,P60",True,restored
Q90220,5,"P39,P5,P11,P15,P60",True,restored
Q90251,8,"P39,P47,P42,P20,P5,P11,P15,P60",True,restored
Q90363,5,"P39,P5,P11,P15,P60",True,restored
Q90369,5,"P39,P5,P11,P15,P60",True,restored
Q90513,5,"P39,P5,P11,P15,P60",True,restored
Q90556,7,"P39,P42,P20,P5,P11,P15,P60",True,restored
Q90578,7,"P39,P42,P20,P5,P11,P15,P60",True,restored
Q90592,1,P39,False,unlabeled
Q90614,5,"P39,P5,P11,P15,P60",True,restored
Q90618,7,"P39,P42,P20,P5,P11,P15,P60",True,restored
Q90622,7,"P39,P42,P20,P5,P11,P15,P60",True,restored
Q109460,5,"P39,P5,P11,P15,P60",True,restored
Q110071,5,"P39,P5,P11,P15,P60",True,restored
Q110073,5,"P39,P5,P11,P15,P60",True,restored
Q110801,7,"P39,P5,P11,P7,P8,P15,P60",True,restored
Q111016,5,"P39,P5,P11,P15,P60",True,restored
Q111028,5,"P39,P5,P11,P15,P60",True,restored
Q111044,5,"P39,P5,P11,P15,P60",True,restored
Q111082,5,"P39,P5,P11,P15,P60",True,restored
Q111449,7,"P39,P5,P11,P7,P8,P60,P46",True,restored
Q1124,1,P39,False,unlabeled
Q112812,7,"P39,P5,P11,P7,P8,P15,P60",True,restored
Q113435,8,"P39,P5,P15,P45,P55,P62,P11,P60",True,restored
Q113537,8,"P39,P5,P15,P45,P55,P62,P11,P60",True,restored
Q95173,7,"P39,P47,P20,P5,P11,P15,P60",True,restored
Q95651,7,"P39,P42,P20,P5,P11,P15,P60",True,restored
Q95678,7,"P39,P47,P20,P5,P11,P15,P60",True,restored
Q96234,6,"P39,P47,P5,P11,P15,P60",True,restored
Q96236,6,"P39,P47,P5,P11,P15,P60",True,restored
Q96238,7,"P39,P47,P20,P5,P11,P15,P60",True,restored
Q96240,6,"P39,P47,P5,P11,P15,P60",True,restored
Q96597,7,"P39,P42,P20,P5,P11,P15,P60",True,restored
Q96917,5,"P39,P5,P11,P60,P46",True,restored
Q97019,5,"P39,P5,P11,P60,P46",True,restored
Q97279,5,"P39,P5,P11,P60,P46",True,restored
Q97449,5,"P39,P5,P11,P60,P46",True,restored
Q97467,5,"P39,P5,P11,P60,P46",True,restored
Q97505,1,P39,False,unlabeled
Q97513,5,"P39,P5,P11,P60,P46",True,restored
Q97679,5,"P39,P5,P11,P60,P46",True,restored
Q97801,6,"P39,P42,P5,P11,P15,P60",True,restored
Q97956,5,"P39,P5,P11,P60,P46",True,restored
Q98098,5,"P39,P5,P11,P60,P46",True,restored
Q98102,5,"P39,P5,P11,P60,P46",True,restored
Q98106,5,"P39,P5,P11,P60,P46",True,restored
Q98264,5,"P39,P5,P11,P60,P46",True,restored
Q98278,5,"P39,P5,P11,P60,P46",True,restored
Q98412,6,"P39,P42,P5,P11,P15,P60",True,restored
Q98414,7,"P39,P42,P20,P5,P11,P15,P60",True,restored
Q98478,5,"P39,P5,P11,P60,P46",True,restored
Q98484,5,"P39,P5,P11,P60,P46",True,restored
Q98861,5,"P39,P5,P11,P60,P46",True,restored
Q98871,5,"P39,P5,P11,P60,P46",True,restored
Q98891,5,"P39,P5,P11,P60,P46",True,restored
Q99041,5,"P39,P5,P11,P60,P46",True,restored
Q99141,9,"P39,P20,P47,P5,P11,P7,P8,P15,P60",True,restored
Q99354,7,"P39,P42,P20,P5,P11,P15,P60",True,restored
Q99366,7,"P39,P42,P20,P5,P11,P15,P60",True,restored
Q99377,5,"P39,P5,P11,P60,P46",True,restored
Q99382,7,"P39,P42,P20,P5,P11,P15,P60",True,restored
Q99420,7,"P39,P42,P20,P5,P11,P15,P60",True,restored
Q995,1,P39,False,unlabeled
Q996,1,P39,False,unlabeled
Q116362,5,"P39,P5,P11,P15,P60",True,restored
Q116868,5,"P39,P5,P11,P15,P60",True,restored
Q117937,7,"P39,P5,P11,P7,P8,P60,P46",True,restored
Q118075,12,"P39,P5,P46,P45,P55,P56,P57,P62,P11,P7",True,restored
Q118243,12,"P39,P5,P15,P45,P55,P56,P57,P62,P11,P7",True,restored
Q1198,1,P39,False,unlabeled
Q126699,1,P39,False,unlabeled
Q131895,1,P39,False,unlabeled
Q136398,1,P39,False,unlabeled
